image,center-ra,center-dec,radius
J0000M32.FITS,0.0036031584186309107,-32.00288298784689,2.15161462893737
J0000M36.FITS,0.0037771233749399205,-36.005198362414426,2.1516146289395452
J0000M40.FITS,0.003989022210804832,-40.00475353221658,2.151614628939056
J0000M44.FITS,0.004247879547011443,-44.00219924380853,2.1516146289369744
J0000M48.FITS,0.0045666381041734976,-48.002055737290405,2.1516146289369145
J0000M52.FITS,0.004963474866283987,-52.003877451367146,2.1516146289381544
J0000M56.FITS,0.005464745654283501,-56.00368554515224,2.151614628938017
J0000M60.FITS,0.006111762982810807,-60.00352811051228,2.1516146289378693
J0000M64.FITS,0.006971095925647473,-64.00339944997233,2.1516146289377485
J0000M68.FITS,0.008157866553900767,-68.00329532113875,2.151614628937701
J0000M72.FITS,0.009888838704127833,-72.00160614984274,2.151614628936726
J0000M76.FITS,0.01263312370162793,-76.00314877034944,2.151614628937566
J0000M80.FITS,0.017598945047964006,-80.00155088407055,2.151614628936704
J0000M84.FITS,0.029239260368440375,-84.00153541781847,2.1516146289366964
J0000M88.FITS,0.08761987507755131,-88.00152637408672,2.1516146289366733
J0018M32.FITS,4.503603158418631,-32.00288298784689,2.151614628937395
J0018M36.FITS,4.50377712337494,-36.005198362414426,2.1516146289395306
J0020M40.FITS,5.0039890222108045,-40.00475353221658,2.1516146289390257
J0020M44.FITS,5.004247879547012,-44.00219924380853,2.151614628936981
J0020M48.FITS,5.004566638104174,-48.002055737290405,2.151614628936906
J0024M52.FITS,6.004963474866284,-52.003877451367146,2.151614628938161
J0024M56.FITS,6.005464745654283,-56.00368554515224,2.151614628937989
J0030M60.FITS,7.506111762982811,-60.00352811051228,2.151614628937869
J0030M64.FITS,7.506971095925647,-64.00339944997233,2.1516146289377476
J0036M32.FITS,9.003603158418631,-32.00288298784689,2.151614628937395
J0036M36.FITS,9.00377712337494,-36.005198362414426,2.1516146289395306
J0036M68.FITS,9.008157866553901,-68.00329532113875,2.151614628937683
J0040M40.FITS,10.003989022210805,-40.00475353221658,2.1516146289390266
J0040M44.FITS,10.00424787954701,-44.00219924380853,2.1516146289369806
J0040M48.FITS,10.004566638104173,-48.002055737290405,2.1516146289369056
J0045M72.FITS,11.259888838704128,-72.00160614984274,2.151614628936736
J0045M76.FITS,11.262633123701628,-76.00314877034944,2.151614628937566
J0048M52.FITS,12.004963474866283,-52.003877451367146,2.15161462893816
J0048M56.FITS,12.005464745654283,-56.00368554515224,2.151614628937989
J0054M32.FITS,13.503603158418631,-32.00288298784689,2.151614628937395
J0054M36.FITS,13.50377712337494,-36.005198362414426,2.1516146289395306
J0100M40.FITS,15.003989022210805,-40.00475353221658,2.1516146289390266
J0100M44.FITS,15.00424787954701,-44.00219924380853,2.151614628936981
J0100M48.FITS,15.004566638104173,-48.002055737290405,2.1516146289369056
J0100M60.FITS,15.00611176298281,-60.00352811051228,2.151614628937869
J0100M64.FITS,15.006971095925648,-64.00339944997233,2.1516146289377485
J0100M80.FITS,15.017598945047965,-80.00155088407055,2.1516146289367066
J0112M32.FITS,18.00360315841863,-32.00288298784689,2.151614628937395
J0112M36.FITS,18.003777123374938,-36.005198362414426,2.1516146289395297
J0112M52.FITS,18.004963474866283,-52.003877451367146,2.15161462893816
J0112M56.FITS,18.005464745654283,-56.00368554515224,2.151614628937989
J0112M68.FITS,18.0081578665539,-68.00329532113875,2.151614628937683
J0120M40.FITS,20.003989022210806,-40.00475353221658,2.1516146289390266
J0120M44.FITS,20.004247879547012,-44.00219924380853,2.151614628936983
J0120M48.FITS,20.004566638104173,-48.002055737290405,2.1516146289369056
J0130M32.FITS,22.50360315841863,-32.00288298784689,2.151614628937395
J0130M36.FITS,22.503777123374938,-36.005198362414426,2.1516146289395275
J0130M60.FITS,22.506111762982812,-60.00352811051228,2.151614628937871
J0130M64.FITS,22.506971095925646,-64.00339944997233,2.1516146289377476
J0130M72.FITS,22.50988883870413,-72.00160614984274,2.1516146289367355
J0130M76.FITS,22.51263312370163,-76.00314877034944,2.1516146289375673
J0130M84.FITS,22.529239260368442,-84.00153541781847,2.1516146289366973
J0136M52.FITS,24.004963474866283,-52.003877451367146,2.15161462893816
J0136M56.FITS,24.005464745654283,-56.00368554515224,2.151614628937989
J0140M40.FITS,25.003989022210806,-40.00475353221658,2.1516146289390266
J0140M44.FITS,25.004247879547012,-44.00219924380853,2.151614628936983
J0140M48.FITS,25.004566638104173,-48.002055737290405,2.1516146289369056
J0148M32.FITS,27.00360315841863,-32.00288298784689,2.151614628937395
J0148M36.FITS,27.003777123374938,-36.005198362414426,2.1516146289395275
J0148M68.FITS,27.0081578665539,-68.00329532113875,2.151614628937683
J0200M40.FITS,30.003989022210806,-40.00475353221658,2.1516146289390266
J0200M44.FITS,30.004247879547012,-44.00219924380853,2.151614628936983
J0200M48.FITS,30.004566638104173,-48.002055737290405,2.1516146289369056
J0200M52.FITS,30.004963474866283,-52.003877451367146,2.15161462893816
J0200M56.FITS,30.005464745654283,-56.00368554515224,2.151614628937989
J0200M60.FITS,30.006111762982812,-60.00352811051228,2.151614628937871
J0200M64.FITS,30.006971095925646,-64.00339944997233,2.1516146289377476
J0200M80.FITS,30.017598945047965,-80.00155088407055,2.1516146289367066
J0206M32.FITS,31.50360315841863,-32.00288298784689,2.151614628937395
J0206M36.FITS,31.503777123374938,-36.005198362414426,2.1516146289395275
J0215M72.FITS,33.75988883870413,-72.00160614984274,2.1516146289367355
J0215M76.FITS,33.762633123701626,-76.00314877034944,2.151614628937566
J0220M40.FITS,35.0039890222108,-40.00475353221658,2.1516146289390266
J0220M44.FITS,35.00424787954701,-44.00219924380853,2.1516146289369797
J0220M48.FITS,35.00456663810417,-48.002055737290405,2.1516146289369056
J0224M32.FITS,36.00360315841863,-32.00288298784689,2.151614628937389
J0224M36.FITS,36.00377712337494,-36.005198362414426,2.1516146289395275
J0224M52.FITS,36.00496347486629,-52.003877451367146,2.151614628938163
J0224M56.FITS,36.00546474565429,-56.00368554515224,2.151614628937993
J0224M68.FITS,36.0081578665539,-68.00329532113875,2.151614628937683
J0230M60.FITS,37.50611176298281,-60.00352811051228,2.151614628937871
J0230M64.FITS,37.50697109592565,-64.00339944997233,2.1516146289377476
J0240M40.FITS,40.0039890222108,-40.00475353221658,2.1516146289390266
J0240M44.FITS,40.00424787954701,-44.00219924380853,2.1516146289369797
J0240M48.FITS,40.00456663810417,-48.002055737290405,2.1516146289369034
J0242M32.FITS,40.50360315841863,-32.00288298784689,2.151614628937389
J0242M36.FITS,40.50377712337494,-36.005198362414426,2.1516146289395275
J0248M52.FITS,42.00496347486629,-52.003877451367146,2.151614628938163
J0248M56.FITS,42.00546474565429,-56.00368554515224,2.151614628937993
J0300M32.FITS,45.00360315841863,-32.00288298784689,2.151614628937389
J0300M36.FITS,45.00377712337494,-36.005198362414426,2.1516146289395275
J0300M40.FITS,45.0039890222108,-40.00475353221658,2.1516146289390266
J0300M44.FITS,45.00424787954701,-44.00219924380853,2.1516146289369797
J0300M48.FITS,45.00456663810417,-48.002055737290405,2.1516146289369034
J0300M60.FITS,45.00611176298281,-60.00352811051228,2.151614628937871
J0300M64.FITS,45.00697109592565,-64.00339944997233,2.1516146289377476
J0300M68.FITS,45.0081578665539,-68.00329532113875,2.151614628937683
J0300M72.FITS,45.00988883870413,-72.00160614984274,2.151614628936737
J0300M76.FITS,45.012633123701626,-76.00314877034944,2.151614628937566
J0300M80.FITS,45.017598945047965,-80.00155088407055,2.1516146289367066
J0300M84.FITS,45.02923926036844,-84.00153541781847,2.1516146289366973
J0300M88.FITS,45.08761987507755,-88.00152637408672,2.1516146289366733
J0312M52.FITS,48.00496347486629,-52.003877451367146,2.151614628938163
J0312M56.FITS,48.00546474565429,-56.00368554515224,2.151614628937993
J0318M32.FITS,49.50360315841863,-32.00288298784689,2.151614628937389
J0318M36.FITS,49.50377712337494,-36.005198362414426,2.1516146289395275
J0320M40.FITS,50.0039890222108,-40.00475353221658,2.1516146289390266
J0320M44.FITS,50.00424787954701,-44.00219924380853,2.1516146289369797
J0320M48.FITS,50.00456663810417,-48.002055737290405,2.1516146289369034
J0330M60.FITS,52.50611176298281,-60.00352811051228,2.151614628937871
J0330M64.FITS,52.50697109592565,-64.00339944997233,2.1516146289377476
J0336M32.FITS,54.00360315841863,-32.00288298784689,2.151614628937389
J0336M36.FITS,54.00377712337494,-36.005198362414426,2.1516146289395275
J0336M52.FITS,54.00496347486629,-52.003877451367146,2.151614628938163
J0336M56.FITS,54.00546474565429,-56.00368554515224,2.151614628937993
J0336M68.FITS,54.0081578665539,-68.00329532113875,2.151614628937683
J0340M40.FITS,55.0039890222108,-40.00475353221658,2.1516146289390266
J0340M44.FITS,55.00424787954701,-44.00219924380853,2.1516146289369797
J0340M48.FITS,55.00456663810417,-48.002055737290405,2.1516146289369034
J0345M72.FITS,56.25988883870413,-72.00160614984274,2.151614628936737
J0345M76.FITS,56.262633123701626,-76.00314877034944,2.151614628937566
J0354M32.FITS,58.50360315841863,-32.00288298784689,2.151614628937389
J0354M36.FITS,58.50377712337494,-36.005198362414426,2.1516146289395275
J0400M40.FITS,60.0039890222108,-40.00475353221658,2.1516146289390266
J0400M44.FITS,60.00424787954701,-44.00219924380853,2.1516146289369797
J0400M48.FITS,60.00456663810417,-48.002055737290405,2.1516146289369034
J0400M52.FITS,60.00496347486629,-52.003877451367146,2.151614628938163
J0400M56.FITS,60.00546474565429,-56.00368554515224,2.151614628937993
J0400M60.FITS,60.00611176298281,-60.00352811051228,2.151614628937871
J0400M64.FITS,60.00697109592565,-64.00339944997233,2.1516146289377476
J0400M80.FITS,60.017598945047965,-80.00155088407055,2.1516146289367066
J0412M32.FITS,63.00360315841863,-32.00288298784689,2.151614628937389
J0412M36.FITS,63.00377712337494,-36.005198362414426,2.1516146289395275
J0412M68.FITS,63.0081578665539,-68.00329532113875,2.151614628937683
J0420M40.FITS,65.0039890222108,-40.00475353221658,2.1516146289390266
J0420M44.FITS,65.00424787954701,-44.00219924380853,2.1516146289369797
J0420M48.FITS,65.00456663810418,-48.002055737290405,2.151614628936908
J0424M52.FITS,66.00496347486629,-52.003877451367146,2.151614628938163
J0424M56.FITS,66.00546474565428,-56.00368554515224,2.151614628937989
J0430M32.FITS,67.50360315841863,-32.00288298784689,2.151614628937389
J0430M36.FITS,67.50377712337495,-36.005198362414426,2.1516146289395337
J0430M60.FITS,67.50611176298281,-60.00352811051228,2.151614628937871
J0430M64.FITS,67.50697109592565,-64.00339944997233,2.1516146289377476
J0430M72.FITS,67.50988883870413,-72.00160614984274,2.151614628936737
J0430M76.FITS,67.51263312370163,-76.00314877034944,2.151614628937568
J0430M84.FITS,67.52923926036844,-84.00153541781847,2.1516146289366977
J0440M40.FITS,70.0039890222108,-40.00475353221658,2.1516146289390266
J0440M44.FITS,70.00424787954701,-44.00219924380853,2.1516146289369753
J0440M48.FITS,70.00456663810418,-48.002055737290405,2.151614628936908
J0448M32.FITS,72.00360315841863,-32.00288298784689,2.151614628937389
J0448M36.FITS,72.00377712337495,-36.005198362414426,2.1516146289395337
J0448M52.FITS,72.00496347486629,-52.003877451367146,2.1516146289381584
J0448M56.FITS,72.00546474565428,-56.00368554515224,2.151614628937989
J0448M68.FITS,72.0081578665539,-68.00329532113875,2.1516146289376805
J0500M40.FITS,75.0039890222108,-40.00475353221658,2.1516146289390266
J0500M44.FITS,75.00424787954701,-44.00219924380853,2.1516146289369753
J0500M48.FITS,75.00456663810418,-48.002055737290405,2.151614628936908
J0500M60.FITS,75.00611176298281,-60.00352811051228,2.151614628937871
J0500M64.FITS,75.00697109592565,-64.00339944997233,2.1516146289377476
J0500M80.FITS,75.01759894504796,-80.00155088407055,2.1516146289367066
J0506M32.FITS,76.50360315841863,-32.00288298784689,2.151614628937389
J0506M36.FITS,76.50377712337495,-36.005198362414426,2.1516146289395337
J0512M52.FITS,78.00496347486629,-52.003877451367146,2.1516146289381584
J0512M56.FITS,78.00546474565428,-56.00368554515224,2.151614628937989
J0515M72.FITS,78.75988883870413,-72.00160614984274,2.151614628936737
J0515M76.FITS,78.76263312370163,-76.00314877034944,2.151614628937568
J0520M40.FITS,80.0039890222108,-40.00475353221658,2.1516146289390266
J0520M44.FITS,80.00424787954701,-44.00219924380853,2.1516146289369753
J0520M48.FITS,80.00456663810418,-48.002055737290405,2.151614628936908
J0524M32.FITS,81.00360315841863,-32.00288298784689,2.151614628937389
J0524M36.FITS,81.00377712337495,-36.005198362414426,2.1516146289395337
J0524M68.FITS,81.0081578665539,-68.00329532113875,2.1516146289376805
J0530M60.FITS,82.50611176298281,-60.00352811051228,2.151614628937871
J0530M64.FITS,82.50697109592565,-64.00339944997233,2.1516146289377476
J0536M52.FITS,84.00496347486629,-52.003877451367146,2.1516146289381584
J0536M56.FITS,84.00546474565428,-56.00368554515224,2.151614628937989
J0540M40.FITS,85.0039890222108,-40.00475353221658,2.1516146289390266
J0540M44.FITS,85.00424787954701,-44.00219924380853,2.1516146289369753
J0540M48.FITS,85.00456663810418,-48.002055737290405,2.151614628936908
J0542M32.FITS,85.50360315841863,-32.00288298784689,2.151614628937389
J0542M36.FITS,85.50377712337495,-36.005198362414426,2.1516146289395337
J0600M40.FITS,90.0039890222108,-40.00475353221658,2.1516146289390266
J0600M44.FITS,90.00424787954701,-44.00219924380853,2.1516146289369753
J0600M48.FITS,90.00456663810418,-48.002055737290405,2.151614628936908
J0600M52.FITS,90.00496347486629,-52.003877451367146,2.1516146289381584
J0600M56.FITS,90.00546474565428,-56.00368554515224,2.151614628937989
J0600M60.FITS,90.00611176298281,-60.00352811051228,2.151614628937871
J0600M64.FITS,90.00697109592565,-64.00339944997233,2.1516146289377476
J0600M68.FITS,90.0081578665539,-68.00329532113875,2.1516146289376805
J0600M72.FITS,90.00988883870413,-72.00160614984274,2.151614628936737
J0600M76.FITS,90.01263312370163,-76.00314877034944,2.151614628937568
J0600M80.FITS,90.01759894504796,-80.00155088407055,2.1516146289367066
J0600M84.FITS,90.02923926036844,-84.00153541781847,2.1516146289366977
J0600M88.FITS,90.08761987507755,-88.00152637408672,2.1516146289366724
J0618M32.FITS,94.50360315841863,-32.00288298784689,2.151614628937389
J0618M36.FITS,94.50377712337495,-36.005198362414426,2.1516146289395337
J0620M40.FITS,95.0039890222108,-40.00475353221658,2.1516146289390266
J0620M44.FITS,95.00424787954701,-44.00219924380853,2.1516146289369753
J0620M48.FITS,95.00456663810418,-48.002055737290405,2.151614628936908
J0624M52.FITS,96.00496347486629,-52.003877451367146,2.1516146289381584
J0624M56.FITS,96.00546474565428,-56.00368554515224,2.151614628937989
J0630M60.FITS,97.50611176298281,-60.00352811051228,2.151614628937871
J0630M64.FITS,97.50697109592565,-64.00339944997233,2.1516146289377476
J0636M68.FITS,99.0081578665539,-68.00329532113875,2.1516146289376805
J0640M40.FITS,100.0039890222108,-40.00475353221658,2.1516146289390266
J0640M44.FITS,100.00424787954701,-44.00219924380853,2.1516146289369753
J0640M48.FITS,100.00456663810418,-48.002055737290405,2.151614628936908
J0645M72.FITS,101.25988883870413,-72.00160614984274,2.151614628936737
J0645M76.FITS,101.26263312370163,-76.00314877034944,2.151614628937568
J0648M52.FITS,102.00496347486629,-52.003877451367146,2.1516146289381584
J0648M56.FITS,102.00546474565428,-56.00368554515224,2.151614628937989
J0700M40.FITS,105.0039890222108,-40.00475353221658,2.1516146289390266
J0700M44.FITS,105.00424787954701,-44.00219924380853,2.1516146289369753
J0700M48.FITS,105.00456663810418,-48.002055737290405,2.151614628936908
J0700M60.FITS,105.00611176298281,-60.00352811051228,2.151614628937871
J0700M64.FITS,105.00697109592565,-64.00339944997233,2.1516146289377476
J0700M80.FITS,105.01759894504796,-80.00155088407055,2.1516146289367066
J0712M36.FITS,108.00377712337495,-36.005198362414426,2.1516146289395337
J0712M52.FITS,108.00496347486629,-52.003877451367146,2.1516146289381584
J0712M56.FITS,108.00546474565428,-56.00368554515224,2.151614628937989
J0712M68.FITS,108.0081578665539,-68.00329532113875,2.1516146289376805
J0720M40.FITS,110.0039890222108,-40.00475353221658,2.1516146289390266
J0720M44.FITS,110.00424787954701,-44.00219924380853,2.1516146289369753
J0720M48.FITS,110.00456663810418,-48.002055737290405,2.151614628936908
J0730M60.FITS,112.50611176298281,-60.00352811051228,2.151614628937871
J0730M64.FITS,112.50697109592565,-64.00339944997233,2.1516146289377476
J0730M72.FITS,112.50988883870413,-72.00160614984274,2.151614628936737
J0730M76.FITS,112.51263312370163,-76.00314877034944,2.151614628937568
J0730M84.FITS,112.52923926036844,-84.00153541781847,2.1516146289366977
J0736M52.FITS,114.00496347486629,-52.003877451367146,2.1516146289381584
J0736M56.FITS,114.00546474565428,-56.00368554515224,2.151614628937989
J0740M40.FITS,115.0039890222108,-40.00475353221658,2.1516146289390266
J0740M44.FITS,115.00424787954701,-44.00219924380853,2.1516146289369753
J0740M48.FITS,115.00456663810418,-48.002055737290405,2.151614628936908
J0748M32.FITS,117.00360315841863,-32.00288298784689,2.151614628937389
J0748M36.FITS,117.00377712337495,-36.005198362414426,2.1516146289395337
J0748M68.FITS,117.0081578665539,-68.00329532113875,2.1516146289376805
J0800M44.FITS,120.00424787954701,-44.00219924380853,2.1516146289369753
J0800M48.FITS,120.00456663810418,-48.002055737290405,2.151614628936908
J0800M52.FITS,120.00496347486629,-52.003877451367146,2.1516146289381584
J0800M56.FITS,120.00546474565428,-56.00368554515224,2.151614628937989
J0800M60.FITS,120.00611176298281,-60.00352811051228,2.151614628937871
J0800M64.FITS,120.00697109592565,-64.00339944997233,2.1516146289377476
J0800M80.FITS,120.01759894504796,-80.00155088407055,2.1516146289367066
J0806M36.FITS,121.50377712337495,-36.005198362414426,2.1516146289395337
J0815M72.FITS,123.75988883870413,-72.00160614984274,2.151614628936737
J0815M76.FITS,123.76263312370163,-76.00314877034944,2.151614628937568
J0824M52.FITS,126.00496347486629,-52.003877451367146,2.1516146289381584
J0824M56.FITS,126.00546474565428,-56.00368554515224,2.151614628937989
J0824M68.FITS,126.0081578665539,-68.00329532113875,2.1516146289376805
J0830M60.FITS,127.50611176298281,-60.00352811051228,2.151614628937871
J0830M64.FITS,127.50697109592565,-64.00339944997233,2.1516146289377476
J0842M32.FITS,130.50360315841863,-32.00288298784689,2.151614628937389
J0848M52.FITS,132.0049634748663,-52.003877451367146,2.1516146289381584
J0848M56.FITS,132.00546474565428,-56.00368554515224,2.151614628937989
J0900M32.FITS,135.00360315841863,-32.00288298784689,2.151614628937401
J0900M60.FITS,135.0061117629828,-60.00352811051228,2.151614628937871
J0900M64.FITS,135.00697109592565,-64.00339944997233,2.151614628937754
J0900M68.FITS,135.0081578665539,-68.00329532113875,2.1516146289376756
J0900M72.FITS,135.00988883870411,-72.00160614984274,2.1516146289367275
J0900M76.FITS,135.01263312370162,-76.00314877034944,2.1516146289375646
J0900M80.FITS,135.01759894504795,-80.00155088407055,2.151614628936705
J0900M84.FITS,135.02923926036843,-84.00153541781847,2.151614628936696
J0900M88.FITS,135.08761987507756,-88.00152637408672,2.1516146289366733
J0912M52.FITS,138.0049634748663,-52.003877451367146,2.1516146289381584
J0912M56.FITS,138.00546474565428,-56.00368554515224,2.151614628937989
J0918M32.FITS,139.50360315841863,-32.00288298784689,2.151614628937401
J0918M36.FITS,139.50377712337493,-36.005198362414426,2.1516146289395337
J0920M44.FITS,140.00424787954702,-44.00219924380853,2.1516146289369953
J0920M48.FITS,140.00456663810417,-48.002055737290405,2.1516146289368985
J0930M60.FITS,142.5061117629828,-60.00352811051228,2.151614628937871
J0930M64.FITS,142.50697109592565,-64.00339944997233,2.151614628937754
J0936M32.FITS,144.00360315841863,-32.00288298784689,2.151614628937401
J0936M36.FITS,144.00377712337493,-36.005198362414426,2.1516146289395337
J0936M52.FITS,144.0049634748663,-52.003877451367146,2.1516146289381584
J0936M56.FITS,144.00546474565428,-56.00368554515224,2.151614628937989
J0936M68.FITS,144.0081578665539,-68.00329532113875,2.1516146289376756
J0940M40.FITS,145.00398902221082,-40.00475353221658,2.1516146289390266
J0940M44.FITS,145.00424787954702,-44.00219924380853,2.1516146289369953
J0940M48.FITS,145.00456663810417,-48.002055737290405,2.1516146289368985
J0945M72.FITS,146.25988883870411,-72.00160614984274,2.1516146289367275
J0945M76.FITS,146.26263312370162,-76.00314877034944,2.151614628937561
J0954M32.FITS,148.50360315841863,-32.00288298784689,2.151614628937401
J0954M36.FITS,148.50377712337493,-36.005198362414426,2.1516146289395337
J1000M40.FITS,150.00398902221082,-40.00475353221658,2.1516146289390266
J1000M44.FITS,150.00424787954702,-44.00219924380853,2.1516146289369953
J1000M52.FITS,150.0049634748663,-52.003877451367146,2.1516146289381584
J1000M56.FITS,150.00546474565428,-56.00368554515224,2.151614628937989
J1000M60.FITS,150.0061117629828,-60.00352811051228,2.151614628937871
J1000M64.FITS,150.00697109592565,-64.00339944997233,2.151614628937754
J1000M80.FITS,150.01759894504795,-80.00155088407055,2.151614628936702
J1012M36.FITS,153.00377712337493,-36.005198362414426,2.1516146289395337
J1012M68.FITS,153.0081578665539,-68.00329532113875,2.1516146289376756
J1020M40.FITS,155.00398902221082,-40.00475353221658,2.1516146289390266
J1020M44.FITS,155.00424787954702,-44.00219924380853,2.1516146289369953
J1020M48.FITS,155.00456663810417,-48.002055737290405,2.1516146289368985
J1024M52.FITS,156.0049634748663,-52.003877451367146,2.1516146289381584
J1024M56.FITS,156.00546474565428,-56.00368554515224,2.151614628937989
J1030M32.FITS,157.50360315841863,-32.00288298784689,2.151614628937401
J1030M36.FITS,157.50377712337493,-36.005198362414426,2.1516146289395337
J1030M60.FITS,157.5061117629828,-60.00352811051228,2.151614628937871
J1030M64.FITS,157.50697109592565,-64.00339944997233,2.151614628937754
J1030M72.FITS,157.50988883870411,-72.00160614984274,2.1516146289367275
J1030M76.FITS,157.51263312370162,-76.00314877034944,2.151614628937561
J1030M84.FITS,157.52923926036843,-84.00153541781847,2.151614628936696
J1040M40.FITS,160.00398902221082,-40.00475353221658,2.1516146289390266
J1040M44.FITS,160.00424787954702,-44.00219924380853,2.1516146289369953
J1040M48.FITS,160.00456663810417,-48.002055737290405,2.1516146289368985
J1048M32.FITS,162.00360315841863,-32.00288298784689,2.151614628937401
J1048M36.FITS,162.00377712337493,-36.005198362414426,2.1516146289395337
J1048M52.FITS,162.0049634748663,-52.003877451367146,2.1516146289381584
J1048M68.FITS,162.0081578665539,-68.00329532113875,2.1516146289376756
J1100M40.FITS,165.00398902221082,-40.00475353221658,2.1516146289390266
J1100M44.FITS,165.00424787954702,-44.00219924380853,2.1516146289369953
J1100M48.FITS,165.00456663810417,-48.002055737290405,2.1516146289368985
J1100M60.FITS,165.0061117629828,-60.00352811051228,2.151614628937871
J1100M64.FITS,165.00697109592565,-64.00339944997233,2.151614628937754
J1100M80.FITS,165.01759894504795,-80.00155088407055,2.151614628936702
J1106M32.FITS,166.50360315841863,-32.00288298784689,2.151614628937401
J1106M36.FITS,166.50377712337493,-36.005198362414426,2.1516146289395337
J1112M52.FITS,168.0049634748663,-52.003877451367146,2.1516146289381584
J1112M56.FITS,168.00546474565428,-56.00368554515224,2.151614628937989
J1115M72.FITS,168.75988883870411,-72.00160614984274,2.1516146289367275
J1115M76.FITS,168.76263312370162,-76.00314877034944,2.151614628937561
J1120M40.FITS,170.00398902221082,-40.00475353221658,2.1516146289390266
J1120M44.FITS,170.00424787954702,-44.00219924380853,2.1516146289369953
J1120M48.FITS,170.00456663810417,-48.002055737290405,2.1516146289368985
J1124M36.FITS,171.00377712337493,-36.005198362414426,2.1516146289395337
J1124M68.FITS,171.0081578665539,-68.00329532113875,2.1516146289376756
J1130M60.FITS,172.5061117629828,-60.00352811051228,2.151614628937871
J1136M52.FITS,174.0049634748663,-52.003877451367146,2.1516146289381584
J1140M40.FITS,175.00398902221082,-40.00475353221658,2.1516146289390266
J1140M44.FITS,175.00424787954702,-44.00219924380853,2.1516146289369953
J1140M48.FITS,175.00456663810417,-48.002055737290405,2.1516146289368985
J1142M36.FITS,175.50377712337493,-36.005198362414426,2.1516146289395337
J1200M40.FITS,180.00398902221082,-40.00475353221658,2.1516146289390266
J1200M44.FITS,180.00424787954702,-44.00219924380853,2.1516146289369953
J1200M48.FITS,180.00456663810417,-48.002055737290405,2.1516146289368985
J1200M52.FITS,180.0049634748663,-52.003877451367146,2.1516146289381584
J1200M56.FITS,180.00546474565428,-56.00368554515224,2.151614628937989
J1200M60.FITS,180.0061117629828,-60.00352811051228,2.151614628937871
J1200M68.FITS,180.0081578665539,-68.00329532113875,2.1516146289376756
J1200M72.FITS,180.00988883870411,-72.00160614984274,2.1516146289367275
J1200M76.FITS,180.01263312370162,-76.00314877034944,2.151614628937561
J1200M80.FITS,180.01759894504795,-80.00155088407055,2.151614628936702
J1200M84.FITS,180.02923926036843,-84.00153541781847,2.151614628936696
J1200M88.FITS,180.08761987507756,-88.00152637408672,2.1516146289366733
J1220M40.FITS,185.00398902221082,-40.00475353221658,2.1516146289390266
J1220M44.FITS,185.00424787954702,-44.00219924380853,2.1516146289369953
J1220M48.FITS,185.00456663810417,-48.002055737290405,2.1516146289368985
J1224M52.FITS,186.0049634748663,-52.003877451367146,2.1516146289381584
J1230M60.FITS,187.5061117629828,-60.00352811051228,2.151614628937871
J1236M68.FITS,189.0081578665539,-68.00329532113875,2.1516146289376756
J1240M40.FITS,190.00398902221082,-40.00475353221658,2.1516146289390266
J1240M44.FITS,190.00424787954702,-44.00219924380853,2.1516146289369953
J1240M48.FITS,190.00456663810417,-48.002055737290405,2.1516146289368985
J1245M72.FITS,191.25988883870411,-72.00160614984274,2.1516146289367275
J1245M76.FITS,191.26263312370162,-76.00314877034944,2.151614628937561
J1248M52.FITS,192.0049634748663,-52.003877451367146,2.1516146289381584
J1300M40.FITS,195.00398902221082,-40.00475353221658,2.1516146289390266
J1300M44.FITS,195.00424787954702,-44.00219924380853,2.1516146289369953
J1300M48.FITS,195.00456663810417,-48.002055737290405,2.1516146289368985
J1300M64.FITS,195.00697109592565,-64.00339944997233,2.151614628937754
J1300M80.FITS,195.01759894504795,-80.00155088407055,2.151614628936702
J1312M52.FITS,198.0049634748663,-52.003877451367146,2.1516146289381584
J1312M68.FITS,198.0081578665539,-68.00329532113875,2.1516146289376756
J1320M40.FITS,200.00398902221082,-40.00475353221658,2.1516146289390266
J1320M44.FITS,200.00424787954702,-44.00219924380853,2.1516146289369953
J1320M48.FITS,200.00456663810417,-48.002055737290405,2.1516146289368985
J1330M32.FITS,202.50360315841863,-32.00288298784689,2.151614628937401
J1330M36.FITS,202.50377712337493,-36.005198362414426,2.1516146289395337
J1330M60.FITS,202.5061117629828,-60.00352811051228,2.151614628937871
J1330M64.FITS,202.50697109592565,-64.00339944997233,2.151614628937754
J1330M72.FITS,202.50988883870411,-72.00160614984274,2.1516146289367275
J1330M76.FITS,202.51263312370162,-76.00314877034944,2.151614628937561
J1330M84.FITS,202.52923926036843,-84.00153541781847,2.151614628936696
J1336M52.FITS,204.0049634748663,-52.003877451367146,2.1516146289381584
J1336M56.FITS,204.00546474565428,-56.00368554515224,2.151614628937989
J1340M40.FITS,205.00398902221082,-40.00475353221658,2.1516146289390266
J1340M44.FITS,205.00424787954702,-44.00219924380853,2.1516146289369953
J1340M48.FITS,205.00456663810417,-48.002055737290405,2.1516146289368985
J1348M32.FITS,207.00360315841863,-32.00288298784689,2.151614628937401
J1348M36.FITS,207.00377712337493,-36.005198362414426,2.1516146289395337
J1348M68.FITS,207.0081578665539,-68.00329532113875,2.1516146289376756
J1400M40.FITS,210.00398902221082,-40.00475353221658,2.1516146289390266
J1400M44.FITS,210.00424787954702,-44.00219924380853,2.1516146289369953
J1400M48.FITS,210.00456663810417,-48.002055737290405,2.1516146289368985
J1400M52.FITS,210.0049634748663,-52.003877451367146,2.1516146289381584
J1400M56.FITS,210.00546474565428,-56.00368554515224,2.151614628937989
J1400M60.FITS,210.0061117629828,-60.00352811051228,2.151614628937871
J1400M64.FITS,210.00697109592565,-64.00339944997233,2.151614628937754
J1400M80.FITS,210.01759894504795,-80.00155088407055,2.151614628936702
J1406M36.FITS,211.50377712337493,-36.005198362414426,2.1516146289395337
J1415M72.FITS,213.75988883870411,-72.00160614984274,2.1516146289367275
J1415M76.FITS,213.76263312370162,-76.00314877034944,2.151614628937561
J1420M40.FITS,215.00398902221082,-40.00475353221658,2.1516146289390266
J1420M44.FITS,215.00424787954702,-44.00219924380853,2.1516146289369953
J1420M48.FITS,215.00456663810417,-48.002055737290405,2.1516146289368985
J1424M36.FITS,216.00377712337493,-36.005198362414426,2.1516146289395337
J1424M52.FITS,216.0049634748663,-52.003877451367146,2.1516146289381584
J1424M56.FITS,216.00546474565428,-56.00368554515224,2.151614628937989
J1424M68.FITS,216.0081578665539,-68.00329532113875,2.1516146289376756
J1430M60.FITS,217.5061117629828,-60.00352811051228,2.151614628937871
J1430M64.FITS,217.50697109592565,-64.00339944997233,2.151614628937754
J1440M40.FITS,220.00398902221082,-40.00475353221658,2.1516146289390266
J1440M44.FITS,220.00424787954702,-44.00219924380853,2.1516146289369953
J1440M48.FITS,220.00456663810417,-48.002055737290405,2.1516146289368985
J1442M36.FITS,220.50377712337493,-36.005198362414426,2.1516146289395337
J1448M52.FITS,222.0049634748663,-52.003877451367146,2.1516146289381584
J1448M56.FITS,222.00546474565428,-56.00368554515224,2.151614628937989
J1500M36.FITS,225.00377712337493,-36.005198362414426,2.1516146289395337
J1500M40.FITS,225.00398902221082,-40.00475353221658,2.1516146289390266
J1500M44.FITS,225.00424787954702,-44.00219924380853,2.1516146289369953
J1500M48.FITS,225.00456663810417,-48.002055737290405,2.1516146289368985
J1500M60.FITS,225.0061117629828,-60.00352811051228,2.151614628937871
J1500M64.FITS,225.00697109592565,-64.00339944997233,2.151614628937754
J1500M68.FITS,225.0081578665539,-68.00329532113875,2.1516146289376756
J1500M72.FITS,225.00988883870411,-72.00160614984274,2.1516146289367275
J1500M76.FITS,225.01263312370162,-76.00314877034944,2.151614628937561
J1500M80.FITS,225.01759894504795,-80.00155088407055,2.151614628936702
J1500M84.FITS,225.02923926036843,-84.00153541781847,2.151614628936696
J1500M88.FITS,225.08761987507756,-88.00152637408672,2.1516146289366733
J1512M52.FITS,228.0049634748663,-52.003877451367146,2.1516146289381584
J1512M56.FITS,228.00546474565428,-56.00368554515224,2.151614628937989
J1518M32.FITS,229.50360315841863,-32.00288298784689,2.151614628937401
J1518M36.FITS,229.50377712337493,-36.005198362414426,2.1516146289395337
J1520M40.FITS,230.00398902221082,-40.00475353221658,2.1516146289390266
J1520M44.FITS,230.00424787954702,-44.00219924380853,2.1516146289369953
J1520M48.FITS,230.00456663810417,-48.002055737290405,2.1516146289368985
J1530M60.FITS,232.5061117629828,-60.00352811051228,2.151614628937871
J1530M64.FITS,232.50697109592565,-64.00339944997233,2.151614628937754
J1536M32.FITS,234.00360315841863,-32.00288298784689,2.151614628937401
J1536M36.FITS,234.00377712337493,-36.005198362414426,2.1516146289395337
J1536M52.FITS,234.0049634748663,-52.003877451367146,2.1516146289381584
J1536M56.FITS,234.00546474565428,-56.00368554515224,2.151614628937989
J1536M68.FITS,234.0081578665539,-68.00329532113875,2.1516146289376756
J1540M40.FITS,235.00398902221082,-40.00475353221658,2.1516146289390266
J1540M44.FITS,235.00424787954702,-44.00219924380853,2.1516146289369953
J1545M72.FITS,236.25988883870411,-72.00160614984274,2.1516146289367275
J1545M76.FITS,236.26263312370162,-76.00314877034944,2.151614628937561
J1554M32.FITS,238.50360315841863,-32.00288298784689,2.151614628937401
J1600M40.FITS,240.00398902221082,-40.00475353221658,2.1516146289390266
J1600M44.FITS,240.00424787954702,-44.00219924380853,2.1516146289369953
J1600M48.FITS,240.00456663810417,-48.002055737290405,2.1516146289368985
J1600M52.FITS,240.0049634748663,-52.003877451367146,2.1516146289381584
J1600M56.FITS,240.00546474565428,-56.00368554515224,2.151614628937989
J1600M60.FITS,240.0061117629828,-60.00352811051228,2.151614628937871
J1600M64.FITS,240.00697109592565,-64.00339944997233,2.151614628937754
J1600M80.FITS,240.01759894504795,-80.00155088407055,2.151614628936702
J1612M32.FITS,243.00360315841863,-32.00288298784689,2.151614628937401
J1612M36.FITS,243.00377712337493,-36.005198362414426,2.1516146289395337
J1612M68.FITS,243.0081578665539,-68.00329532113875,2.1516146289376756
J1620M40.FITS,245.00398902221082,-40.00475353221658,2.1516146289390266
J1620M44.FITS,245.00424787954702,-44.00219924380853,2.1516146289369953
J1620M48.FITS,245.00456663810417,-48.002055737290405,2.1516146289368985
J1624M52.FITS,246.0049634748663,-52.003877451367146,2.1516146289381584
J1624M56.FITS,246.00546474565428,-56.00368554515224,2.151614628937989
J1630M32.FITS,247.50360315841863,-32.00288298784689,2.151614628937401
J1630M60.FITS,247.5061117629828,-60.00352811051228,2.151614628937871
J1630M64.FITS,247.50697109592565,-64.00339944997233,2.151614628937754
J1630M72.FITS,247.50988883870411,-72.00160614984274,2.1516146289367275
J1630M76.FITS,247.51263312370162,-76.00314877034944,2.151614628937561
J1630M84.FITS,247.52923926036843,-84.00153541781847,2.151614628936696
J1648M52.FITS,252.0049634748663,-52.003877451367146,2.1516146289381584
J1648M56.FITS,252.00546474565428,-56.00368554515224,2.151614628937989
J1648M68.FITS,252.0081578665539,-68.00329532113875,2.1516146289376756
J1700M48.FITS,255.00456663810417,-48.002055737290405,2.1516146289368985
J1700M60.FITS,255.0061117629828,-60.00352811051228,2.151614628937871
J1700M64.FITS,255.00697109592565,-64.00339944997233,2.151614628937754
J1700M80.FITS,255.01759894504795,-80.00155088407055,2.151614628936702
J1712M52.FITS,258.00496347486626,-52.003877451367146,2.151614628938141
J1712M56.FITS,258.0054647456543,-56.00368554515224,2.151614628938005
J1715M72.FITS,258.7598888387041,-72.00160614984274,2.1516146289367275
J1715M76.FITS,258.7626331237016,-76.00314877034944,2.151614628937561
J1724M32.FITS,261.0036031584186,-32.00288298784689,2.151614628937377
J1724M68.FITS,261.0081578665539,-68.00329532113875,2.1516146289376863
J1730M60.FITS,262.5061117629828,-60.00352811051228,2.1516146289378564
J1730M64.FITS,262.5069710959256,-64.00339944997233,2.151614628937741
J1736M52.FITS,264.00496347486626,-52.003877451367146,2.151614628938141
J1736M56.FITS,264.0054647456543,-56.00368554515224,2.151614628938005
J1740M48.FITS,265.00456663810417,-48.002055737290405,2.1516146289368985
J1800M40.FITS,270.0039890222108,-40.00475353221658,2.1516146289390483
J1800M44.FITS,270.004247879547,-44.00219924380853,2.1516146289369544
J1800M48.FITS,270.00456663810417,-48.002055737290405,2.1516146289368985
J1800M52.FITS,270.00496347486626,-52.003877451367146,2.151614628938141
J1800M56.FITS,270.0054647456543,-56.00368554515224,2.151614628938005
J1800M60.FITS,270.0061117629828,-60.00352811051228,2.1516146289378564
J1800M64.FITS,270.0069710959256,-64.00339944997233,2.151614628937741
J1800M68.FITS,270.0081578665539,-68.00329532113875,2.151614628937697
J1800M72.FITS,270.0098888387041,-72.00160614984274,2.1516146289367275
J1800M76.FITS,270.0126331237016,-76.00314877034944,2.151614628937561
J1800M80.FITS,270.01759894504795,-80.00155088407055,2.151614628936702
J1800M84.FITS,270.02923926036846,-84.00153541781847,2.151614628936699
J1800M88.FITS,270.08761987507756,-88.00152637408672,2.1516146289366733
J1818M32.FITS,274.5036031584186,-32.00288298784689,2.151614628937377
J1818M36.FITS,274.50377712337496,-36.005198362414426,2.1516146289395564
J1820M40.FITS,275.0039890222108,-40.00475353221658,2.1516146289390483
J1820M44.FITS,275.004247879547,-44.00219924380853,2.1516146289369544
J1820M48.FITS,275.00456663810417,-48.002055737290405,2.1516146289368985
J1824M52.FITS,276.00496347486626,-52.003877451367146,2.151614628938141
J1824M56.FITS,276.0054647456543,-56.00368554515224,2.151614628938005
J1830M60.FITS,277.5061117629828,-60.00352811051228,2.1516146289378564
J1830M64.FITS,277.5069710959256,-64.00339944997233,2.151614628937741
J1836M68.FITS,279.0081578665539,-68.00329532113875,2.151614628937697
J1840M40.FITS,280.0039890222108,-40.00475353221658,2.1516146289390483
J1840M44.FITS,280.004247879547,-44.00219924380853,2.1516146289369544
J1840M48.FITS,280.00456663810417,-48.002055737290405,2.1516146289368985
J1845M72.FITS,281.2598888387041,-72.00160614984274,2.1516146289367275
J1845M76.FITS,281.2626331237016,-76.00314877034944,2.151614628937561
J1848M52.FITS,282.00496347486626,-52.003877451367146,2.151614628938141
J1848M56.FITS,282.0054647456543,-56.00368554515224,2.151614628938005
J1900M40.FITS,285.0039890222108,-40.00475353221658,2.1516146289390483
J1900M44.FITS,285.004247879547,-44.00219924380853,2.1516146289369544
J1900M48.FITS,285.00456663810417,-48.002055737290405,2.1516146289368985
J1900M60.FITS,285.0061117629828,-60.00352811051228,2.1516146289378564
J1900M64.FITS,285.0069710959256,-64.00339944997233,2.151614628937741
J1900M80.FITS,285.01759894504795,-80.00155088407055,2.151614628936702
J1912M36.FITS,288.00377712337496,-36.005198362414426,2.1516146289395564
J1912M52.FITS,288.00496347486626,-52.003877451367146,2.151614628938141
J1912M56.FITS,288.0054647456543,-56.00368554515224,2.151614628938005
J1912M68.FITS,288.0081578665539,-68.00329532113875,2.151614628937697
J1920M40.FITS,290.0039890222108,-40.00475353221658,2.1516146289390483
J1920M44.FITS,290.004247879547,-44.00219924380853,2.1516146289369544
J1920M48.FITS,290.00456663810417,-48.002055737290405,2.1516146289368985
J1930M36.FITS,292.50377712337496,-36.005198362414426,2.1516146289395564
J1930M60.FITS,292.5061117629828,-60.00352811051228,2.1516146289378564
J1930M64.FITS,292.5069710959256,-64.00339944997233,2.151614628937741
J1930M72.FITS,292.5098888387041,-72.00160614984274,2.1516146289367275
J1930M76.FITS,292.5126331237016,-76.00314877034944,2.151614628937561
J1930M84.FITS,292.52923926036846,-84.00153541781847,2.151614628936696
J1936M52.FITS,294.00496347486626,-52.003877451367146,2.151614628938141
J1936M56.FITS,294.0054647456543,-56.00368554515224,2.151614628938005
J1940M40.FITS,295.0039890222108,-40.00475353221658,2.1516146289390483
J1940M44.FITS,295.004247879547,-44.00219924380853,2.1516146289369544
J1940M48.FITS,295.00456663810417,-48.002055737290405,2.1516146289368985
J1948M36.FITS,297.00377712337496,-36.005198362414426,2.1516146289395564
J1948M68.FITS,297.0081578665539,-68.00329532113875,2.151614628937697
J2000M40.FITS,300.0039890222108,-40.00475353221658,2.1516146289390483
J2000M44.FITS,300.004247879547,-44.00219924380853,2.1516146289369544
J2000M48.FITS,300.00456663810417,-48.002055737290405,2.1516146289368985
J2000M52.FITS,300.00496347486626,-52.003877451367146,2.151614628938141
J2000M56.FITS,300.0054647456543,-56.00368554515224,2.151614628938005
J2000M60.FITS,300.0061117629828,-60.00352811051228,2.1516146289378564
J2000M64.FITS,300.0069710959256,-64.00339944997233,2.151614628937741
J2000M80.FITS,300.01759894504795,-80.00155088407055,2.151614628936702
J2006M32.FITS,301.5036031584186,-32.00288298784689,2.151614628937377
J2006M36.FITS,301.50377712337496,-36.005198362414426,2.1516146289395564
J2015M72.FITS,303.7598888387041,-72.00160614984274,2.1516146289367275
J2015M76.FITS,303.7626331237016,-76.00314877034944,2.151614628937561
J2020M40.FITS,305.0039890222108,-40.00475353221658,2.1516146289390483
J2020M44.FITS,305.004247879547,-44.00219924380853,2.1516146289369544
J2020M48.FITS,305.00456663810417,-48.002055737290405,2.1516146289368985
J2024M36.FITS,306.00377712337496,-36.005198362414426,2.1516146289395564
J2024M52.FITS,306.00496347486626,-52.003877451367146,2.151614628938141
J2024M56.FITS,306.0054647456543,-56.00368554515224,2.151614628938005
J2024M68.FITS,306.0081578665539,-68.00329532113875,2.151614628937697
J2030M60.FITS,307.5061117629828,-60.00352811051228,2.1516146289378564
J2030M64.FITS,307.5069710959256,-64.00339944997233,2.151614628937741
J2040M40.FITS,310.0039890222108,-40.00475353221658,2.1516146289390483
J2040M44.FITS,310.004247879547,-44.00219924380853,2.1516146289369544
J2040M48.FITS,310.00456663810417,-48.002055737290405,2.1516146289368985
J2042M32.FITS,310.5036031584186,-32.00288298784689,2.151614628937377
J2042M36.FITS,310.50377712337496,-36.005198362414426,2.1516146289395564
J2048M52.FITS,312.00496347486626,-52.003877451367146,2.151614628938141
J2048M56.FITS,312.0054647456543,-56.00368554515224,2.151614628938005
J2100M32.FITS,315.0036031584186,-32.00288298784689,2.151614628937377
J2100M36.FITS,315.00377712337496,-36.005198362414426,2.1516146289395564
J2100M40.FITS,315.0039890222108,-40.00475353221658,2.1516146289390483
J2100M44.FITS,315.004247879547,-44.00219924380853,2.1516146289369544
J2100M48.FITS,315.00456663810417,-48.002055737290405,2.1516146289368985
J2100M60.FITS,315.0061117629828,-60.00352811051228,2.1516146289378564
J2100M64.FITS,315.0069710959256,-64.00339944997233,2.151614628937741
J2100M68.FITS,315.0081578665539,-68.00329532113875,2.151614628937697
J2100M72.FITS,315.0098888387041,-72.00160614984274,2.1516146289367275
J2100M76.FITS,315.0126331237016,-76.00314877034944,2.151614628937561
J2100M80.FITS,315.01759894504795,-80.00155088407055,2.151614628936702
J2100M84.FITS,315.02923926036846,-84.00153541781847,2.151614628936696
J2100M88.FITS,315.08761987507756,-88.00152637408672,2.1516146289366733
J2112M52.FITS,318.00496347486626,-52.003877451367146,2.151614628938141
J2112M56.FITS,318.0054647456543,-56.00368554515224,2.151614628938005
J2118M32.FITS,319.5036031584186,-32.00288298784689,2.151614628937377
J2118M36.FITS,319.50377712337496,-36.005198362414426,2.1516146289395564
J2120M40.FITS,320.0039890222108,-40.00475353221658,2.1516146289390483
J2120M44.FITS,320.004247879547,-44.00219924380853,2.1516146289369544
J2120M48.FITS,320.00456663810417,-48.002055737290405,2.1516146289368985
J2130M60.FITS,322.5061117629828,-60.00352811051228,2.1516146289378564
J2130M64.FITS,322.5069710959256,-64.00339944997233,2.151614628937741
J2136M32.FITS,324.0036031584186,-32.00288298784689,2.151614628937377
J2136M36.FITS,324.00377712337496,-36.005198362414426,2.1516146289395564
J2136M52.FITS,324.00496347486626,-52.003877451367146,2.151614628938141
J2136M56.FITS,324.0054647456543,-56.00368554515224,2.151614628938005
J2136M68.FITS,324.0081578665539,-68.00329532113875,2.151614628937697
J2140M40.FITS,325.0039890222108,-40.00475353221658,2.1516146289390483
J2140M44.FITS,325.004247879547,-44.00219924380853,2.1516146289369544
J2140M48.FITS,325.00456663810417,-48.002055737290405,2.1516146289368985
J2145M72.FITS,326.2598888387041,-72.00160614984274,2.1516146289367275
J2145M76.FITS,326.2626331237016,-76.00314877034944,2.151614628937561
J2154M32.FITS,328.5036031584186,-32.00288298784689,2.151614628937377
J2154M36.FITS,328.50377712337496,-36.005198362414426,2.1516146289395564
J2200M40.FITS,330.0039890222108,-40.00475353221658,2.1516146289390483
J2200M44.FITS,330.004247879547,-44.00219924380853,2.1516146289369544
J2200M48.FITS,330.00456663810417,-48.002055737290405,2.1516146289368985
J2200M52.FITS,330.00496347486626,-52.003877451367146,2.151614628938141
J2200M56.FITS,330.0054647456543,-56.00368554515224,2.151614628938005
J2200M60.FITS,330.0061117629828,-60.00352811051228,2.1516146289378564
J2200M64.FITS,330.0069710959256,-64.00339944997233,2.151614628937741
J2200M80.FITS,330.01759894504795,-80.00155088407055,2.151614628936702
J2212M32.FITS,333.0036031584186,-32.00288298784689,2.151614628937377
J2212M36.FITS,333.00377712337496,-36.005198362414426,2.1516146289395564
J2212M68.FITS,333.0081578665539,-68.00329532113875,2.151614628937697
J2220M40.FITS,335.0039890222108,-40.00475353221658,2.1516146289390483
J2220M44.FITS,335.004247879547,-44.00219924380853,2.1516146289369544
J2220M48.FITS,335.00456663810417,-48.002055737290405,2.1516146289368985
J2224M52.FITS,336.00496347486626,-52.003877451367146,2.151614628938141
J2224M56.FITS,336.0054647456543,-56.00368554515224,2.151614628938005
J2230M32.FITS,337.5036031584186,-32.00288298784689,2.151614628937377
J2230M36.FITS,337.50377712337496,-36.005198362414426,2.1516146289395564
J2230M60.FITS,337.5061117629828,-60.00352811051228,2.1516146289378564
J2230M64.FITS,337.5069710959256,-64.00339944997233,2.151614628937741
J2230M72.FITS,337.5098888387041,-72.00160614984274,2.1516146289367275
J2230M76.FITS,337.5126331237016,-76.00314877034944,2.151614628937561
J2230M84.FITS,337.52923926036846,-84.00153541781847,2.151614628936696
J2240M40.FITS,340.0039890222108,-40.00475353221658,2.1516146289390483
J2240M44.FITS,340.004247879547,-44.00219924380853,2.1516146289369544
J2240M48.FITS,340.00456663810417,-48.002055737290405,2.1516146289368985
J2248M32.FITS,342.0036031584186,-32.00288298784689,2.151614628937377
J2248M36.FITS,342.00377712337496,-36.005198362414426,2.1516146289395564
J2248M52.FITS,342.00496347486626,-52.003877451367146,2.151614628938141
J2248M56.FITS,342.0054647456543,-56.00368554515224,2.151614628938005
J2248M68.FITS,342.0081578665539,-68.00329532113875,2.151614628937697
J2300M40.FITS,345.0039890222108,-40.00475353221658,2.1516146289390483
J2300M44.FITS,345.004247879547,-44.00219924380853,2.1516146289369544
J2300M48.FITS,345.00456663810417,-48.002055737290405,2.1516146289368985
J2300M60.FITS,345.0061117629828,-60.00352811051228,2.1516146289378564
J2300M64.FITS,345.0069710959256,-64.00339944997233,2.151614628937741
J2300M80.FITS,345.01759894504795,-80.00155088407055,2.151614628936702
J2306M32.FITS,346.5036031584186,-32.00288298784689,2.151614628937377
J2306M36.FITS,346.50377712337496,-36.005198362414426,2.1516146289395564
J2312M52.FITS,348.00496347486626,-52.003877451367146,2.151614628938141
J2312M56.FITS,348.0054647456543,-56.00368554515224,2.151614628938005
J2315M72.FITS,348.7598888387041,-72.00160614984274,2.1516146289367275
J2315M76.FITS,348.7626331237016,-76.00314877034944,2.151614628937561
J2320M40.FITS,350.0039890222108,-40.00475353221658,2.1516146289390483
J2320M44.FITS,350.004247879547,-44.00219924380853,2.1516146289369544
J2320M48.FITS,350.00456663810417,-48.002055737290405,2.1516146289368985
J2324M32.FITS,351.0036031584186,-32.00288298784689,2.151614628937377
J2324M36.FITS,351.00377712337496,-36.005198362414426,2.1516146289395564
J2324M68.FITS,351.0081578665539,-68.00329532113875,2.151614628937697
J2330M60.FITS,352.5061117629828,-60.00352811051228,2.1516146289378564
J2330M64.FITS,352.5069710959256,-64.00339944997233,2.151614628937741
J2336M52.FITS,354.00496347486626,-52.003877451367146,2.151614628938141
J2336M56.FITS,354.0054647456543,-56.00368554515224,2.151614628938005
J2340M40.FITS,355.0039890222108,-40.00475353221658,2.1516146289390483
J2340M44.FITS,355.004247879547,-44.00219924380853,2.1516146289369544
J2340M48.FITS,355.00456663810417,-48.002055737290405,2.1516146289368985
J2342M32.FITS,355.5036031584186,-32.00288298784689,2.151614628937377
J2342M36.FITS,355.50377712337496,-36.005198362414426,2.1516146289395564
