_RAJ2000;_DEJ2000;RAJ2000;e_RAJ2000;DEJ2000;e_DEJ2000;Sp;e_Sp;St;e_St;MajAxis;MinAxis;PA;dMajAxis;dMinAxis;dPA;Mosaic;Nm;Xpos;Ypos
0.7230416999999999;-56.353416700000004;00 02 53.53;1.5;-56 21 12.30;1.7;1350.0;40.5;1350.0;40.5;54.3;46.0;164.0;0.0;0.0;     ;J0000M56;1;573.9;488.5
0.7914583000000001;-54.74925;00 03 09.95;1.5;-54 44 57.30;1.7;1117.0;33.5;1549.0;54.8;72.3;47.5;154.0;50.1;0.0;145.6;J0000M56;1;555.5;923.6
0.9789167;-30.998194399999996;00 03 54.94;1.5;-30 59 53.50;1.7;1342.0;40.3;1401.0;42.1;84.9;54.5;52.6;0.0;0.0;     ;J0000M32;1;430.4;547.1
1.4902083000000002;-56.475416700000004;00 05 57.65;1.5;-56 28 31.50;1.7;2617.0;78.5;2763.0;82.9;54.3;50.9;48.9;0.0;0.0;     ;J0000M56;1;435.7;453.6
1.50775;-42.57786110000001;00 06 01.86;1.5;-42 34 40.30;1.7;2850.0;85.5;2850.0;85.5;64.8;45.0;179.0;0.0;0.0;     ;J0000M44;1;341.7;811.0
1.5370833000000002;-83.0955;00 06 08.90;1.5;-83 05 43.80;1.7;2443.0;73.3;2548.0;76.5;47.0;45.2;126.0;0.0;0.0;     ;J0000M84;1;644.5;994.6
2.6272917000000002;-44.3825;00 10 30.55;1.5;-44 22 57.00;1.7;2547.0;76.4;3365.0;101.0;64.8;62.7;63.4;0.0;0.0;     ;J0020M44;2;1259.8;397.5
2.7185417000000003;-41.8863333;00 10 52.45;1.5;-41 53 10.80;1.7;6380.0;191.4;6392.0;191.8;64.8;45.9;76.3;0.0;0.0;     ;J0020M44;4;1260.7;965.1
3.07525;-33.3659722;00 12 18.06;1.5;-33 21 57.50;1.7;1550.0;46.6;1642.0;49.3;84.9;55.6;128.1;0.0;0.0;     ;J0018M32;1;1094.4;135.8
3.851;-38.0766389;00 15 24.24;1.5;-38 04 35.90;1.7;1958.0;58.8;2113.0;63.5;70.0;51.4;65.5;0.0;0.0;     ;J0020M40;2;1001.0;857.3
4.0111667;-63.1686667;00 16 02.68;1.5;-63 10 07.20;1.7;2536.0;76.1;2992.0;119.4;53.7;49.6;66.6;28.7;0.0; 79.1;J0000M64;2;113.0;861.8
4.7042082999999995;-51.2491667;00 18 49.01;1.5;-51 14 57.00;1.7;1156.0;34.7;1212.0;36.4;57.1;50.6;54.7;0.0;0.0;     ;J0024M52;1;970.4;747.8
5.094375;-48.785861100000005;00 20 22.65;1.5;-48 47 09.10;1.7;1242.0;37.3;1242.0;37.3;60.6;45.0;179.9;0.0;0.0;     ;J0020M48;1;684.7;332.9
6.02725;-68.34861109999999;00 24 06.54;1.5;-68 20 55.00;1.7;1223.0;36.7;1248.0;37.5;48.5;47.0;126.9;0.0;0.0;     ;J0036M68;1;1063.8;540.2
6.1789167;-42.0346667;00 24 42.94;1.5;-42 02 04.80;1.7;1687.0;50.7;1770.0;53.1;64.8;53.2;49.4;0.0;0.0;     ;J0020M44;2;418.5;935.3
6.3146667;-60.47477779999999;00 25 15.52;1.5;-60 28 29.20;1.7;1481.0;44.5;1838.0;73.1;55.8;52.5;136.0;30.8;0.0;104.0;J0030M60;1;896.2;475.0
6.3789583;-33.05425;00 25 30.95;1.5;-33 03 15.30;1.7;1200.0;36.1;2310.0;84.9;97.1;83.8;51.6;81.9;0.0; 78.9;J0018M32;1;189.7;188.8
6.671375;-49.3137778;00 26 41.13;1.5;-49 18 49.60;1.7;1520.0;45.6;1595.0;47.9;60.6;53.4;142.0;0.0;0.0;     ;J0020M48;1;348.5;201.6
6.7285417;-36.925861100000006;00 26 54.85;1.5;-36 55 33.10;1.7;1148.0;34.5;1174.0;35.3;76.6;52.8;51.4;0.0;0.0;     ;J0018M36;2;122.1;233.0
7.659875;-50.31225;00 30 38.37;1.5;-50 18 44.10;1.7;1227.0;36.8;1248.0;37.5;57.1;45.8;89.5;0.0;0.0;     ;J0024M52;1;358.1;988.1
9.61175;-38.9965556;00 38 26.82;1.5;-38 59 47.60;1.7;2467.0;74.1;2613.0;78.4;70.0;52.6;56.7;0.0;0.0;     ;J0040M40;1;803.8;664.9
9.68525;-62.52038889999999;00 38 44.46;1.5;-62 31 13.40;1.7;1129.0;33.9;1825.0;63.2;71.4;51.1;113.5;54.8;0.0;109.9;J0030M64;1;375.1;1064.1
10.537416699999998;-44.2334722;00 42 08.98;1.5;-44 14 00.50;1.7;5860.0;175.8;5861.0;175.8;64.8;51.0;22.2;0.0;0.0;     ;J0040M44;1;579.0;436.6
10.5825;-75.8095556;00 42 19.80;1.5;-75 48 34.40;1.7;1129.0;33.9;1138.0;34.2;46.7;45.0;172.9;0.0;0.0;     ;J0045M76;1;758.6;744.2
10.742125;-41.9831389;00 42 58.11;1.5;-41 58 59.30;1.7;1521.0;45.7;1614.0;48.5;64.8;49.9;65.5;0.0;0.0;     ;J0040M44;2;524.5;947.9
11.170875;-35.50936110000001;00 44 41.01;1.5;-35 30 33.70;1.7;3677.0;110.4;3808.0;114.3;76.6;46.7;94.3;0.0;0.0;     ;J0054M36;2;1325.3;505.0
11.556375;-42.1185;00 46 13.53;1.5;-42 07 06.60;1.7;5006.0;150.2;6099.0;183.0;64.8;60.9;132.8;0.0;0.0;     ;J0040M44;1;327.2;915.2
11.582541699999998;-42.137583299999996;00 46 19.81;1.5;-42 08 15.30;1.7;2946.0;88.4;6831.0;236.9;109.1;65.7;134.2;94.7;32.0;126.3;J0040M44;1;321.0;910.8
12.278375;-64.42075;00 49 06.81;1.5;-64 25 14.70;1.7;1308.0;39.3;1308.0;39.3;50.1;45.0;88.4;0.0;0.0;     ;J0100M64;2;1089.4;502.9
12.4975;-57.64125;00 49 59.40;1.5;-57 38 28.50;1.7;2045.0;61.4;2045.0;61.4;54.3;46.5;18.8;0.0;0.0;     ;J0048M56;1;617.9;139.5
12.71725;-44.4774167;00 50 52.14;1.5;-44 28 38.70;1.7;2302.0;69.1;2486.0;74.6;64.8;51.4;115.0;0.0;0.0;     ;J0040M44;2;70.7;374.2
13.060541699999998;-43.1083333;00 52 14.53;1.5;-43 06 30.00;1.7;3622.0;108.7;3631.0;109.0;64.8;45.4;176.5;0.0;0.0;     ;J0100M44;1;1168.3;688.9
13.466625;-49.23425;00 53 51.99;1.5;-49 14 03.30;1.7;1464.0;44.0;1464.0;44.0;60.6;49.8;131.0;0.0;0.0;     ;J0100M48;1;1032.6;221.4
15.941583300000001;-41.341;01 03 45.98;1.5;-41 20 27.60;1.7;1730.0;51.9;1808.0;54.3;70.0;58.8;35.3;0.0;0.0;     ;J0100M40;1;473.6;171.1
16.2882083;-38.183111100000005;01 05 09.17;1.5;-38 10 59.20;1.7;1704.0;51.2;1795.0;53.9;72.3;46.8;171.0;0.0;0.0;     ;J0100M40;1;373.6;834.6
16.317166699999998;-45.10161110000001;01 05 16.12;1.5;-45 06 05.80;1.7;1896.0;56.9;2151.0;64.6;64.8;56.4;52.8;0.0;0.0;     ;J0100M44;1;400.8;237.9
16.36125;-45.0784167;01 05 26.70;1.5;-45 04 42.30;1.7;1358.0;40.8;1407.0;42.3;64.8;49.0;63.8;0.0;0.0;     ;J0100M44;1;390.4;243.0
17.354416699999998;-34.7872222;01 09 25.06;1.5;-34 47 14.00;1.7;1733.0;52.0;1750.0;52.5;77.3;45.1;1.9;0.0;0.0;     ;J0112M36;1;878.5;647.9
17.52575;-36.8513333;01 10 06.18;1.5;-36 51 04.80;1.7;1265.0;38.0;1344.0;40.4;76.6;59.4;43.2;0.0;0.0;     ;J0112M36;1;829.2;251.1
17.9312083;-69.00425;01 11 43.49;1.5;-69 00 15.30;1.7;1896.0;56.9;2051.0;61.6;48.9;48.5;59.6;0.0;0.0;     ;J0112M68;1;713.1;349.3
19.9237083;-68.15938890000001;01 19 41.69;1.5;-68 09 33.80;1.7;1469.0;44.1;1470.0;44.1;48.5;45.0;88.2;0.0;0.0;     ;J0112M68;1;470.8;602.3
20.417375;-63.1500556;01 21 40.17;1.5;-63 09 00.20;1.7;2053.0;61.6;2725.0;98.6;64.1;46.7;11.8;40.3;0.0; 15.5;J0130M64;1;1012.8;879.5
20.455416699999997;-42.1152222;01 21 49.30;1.5;-42 06 54.80;1.7;1231.0;37.0;1378.0;41.4;64.8;56.7;136.7;0.0;0.0;     ;J0120M44;1;594.4;918.2
20.5130417;-37.5116111;01 22 03.13;1.5;-37 30 41.80;1.7;1210.0;36.4;1238.0;37.2;76.6;63.2;29.5;0.0;0.0;     ;J0112M36;2;52.8;119.3
21.564375;-40.7075278;01 26 15.45;1.5;-40 42 27.10;1.7;1816.0;54.5;1931.0;58.0;70.0;59.5;139.8;0.0;0.0;     ;J0120M40;1;316.9;303.0
21.810416699999998;-41.212611100000004;01 27 14.50;1.5;-41 12 45.40;1.7;1765.0;53.0;2080.0;62.4;72.1;56.4;151.0;0.0;0.0;     ;J0120M40;1;259.4;196.0
21.8773333;-61.2726944;01 27 30.56;1.5;-61 16 21.70;1.7;1312.0;39.4;1313.0;39.4;52.0;45.0;0.5;0.0;0.0;     ;J0130M60;1;802.9;249.9
22.1432917;-52.9224167;01 28 34.39;1.5;-52 55 20.70;1.7;1574.0;47.2;1617.0;48.5;57.1;46.9;108.0;0.0;0.0;     ;J0136M52;1;1071.3;314.4
22.815208300000002;-51.027111100000006;01 31 15.65;1.5;-51 01 37.60;1.7;1805.0;54.2;1839.0;55.2;57.1;49.2;127.2;0.0;0.0;     ;J0136M52;1;948.9;805.3
23.389125;-44.7393333;01 33 33.39;1.5;-44 44 21.60;1.7;1842.0;55.3;2840.0;107.6;72.7;63.2;115.7;55.7;0.0; 99.3;J0140M44;1;1079.4;319.4
25.4805;-69.69275;01 41 55.32;1.5;-69 41 33.90;1.7;1361.0;40.9;1411.0;42.4;48.5;47.4;119.0;0.0;0.0;     ;J0148M68;1;877.6;138.5
25.860291699999998;-45.498361100000004;01 43 26.47;1.5;-45 29 54.10;1.7;1809.0;54.3;2184.0;65.6;64.8;56.7;112.7;0.0;0.0;     ;J0140M44;1;507.7;148.7
27.233375;-57.741055599999996;01 48 56.01;1.5;-57 44 27.80;1.7;1648.0;49.5;2008.0;60.3;56.2;53.4;113.2;0.0;0.0;     ;J0136M56;2;140.5;101.7
27.9307917;-39.169388899999994;01 51 43.39;1.5;-39 10 09.80;1.7;1427.0;42.9;1587.0;47.7;70.0;55.4;125.2;0.0;0.0;     ;J0200M40;1;1229.9;624.8
28.089375;-55.6736667;01 52 21.45;1.5;-55 40 25.20;1.7;1283.0;38.5;1283.0;38.5;54.3;46.3;116.7;0.0;0.0;     ;J0200M56;1;1057.5;669.5
28.292791700000002;-33.17355560000001;01 53 10.27;1.5;-33 10 24.80;1.7;1312.0;39.4;1313.0;39.5;84.9;45.0;179.3;0.0;0.0;     ;J0148M32;1;350.9;169.4
28.9040833;-40.8121667;01 55 36.98;1.5;-40 48 43.80;1.7;2373.0;71.2;2426.0;72.8;70.0;47.2;107.4;0.0;0.0;     ;J0200M40;1;976.4;282.1
29.1972917;-36.2694167;01 56 47.35;1.5;-36 16 09.90;1.7;2011.0;60.4;2035.0;61.1;76.6;58.6;40.4;0.0;0.0;     ;J0206M36;2;1312.4;359.0
29.969833299999998;-74.5162222;01 59 52.76;1.5;-74 30 58.40;1.7;1659.0;49.8;1738.0;52.2;47.7;45.9;26.6;0.0;0.0;     ;J0130M76;2;54.2;1115.1
30.004166700000003;-48.242638899999996;02 00 01.00;1.5;-48 14 33.50;1.7;2076.0;62.3;2325.0;69.8;60.6;50.4;91.8;0.0;0.0;     ;J0200M48;1;704.1;465.0
30.0505417;-30.890416700000003;02 00 12.13;1.5;-30 53 25.50;1.7;5531.0;166.0;5597.0;168.0;84.9;48.7;66.2;0.0;0.0;     ;J0206M32;1;1112.0;565.0
30.5585;-76.3350833;02 02 14.04;1.5;-76 20 06.30;1.7;3779.0;113.4;4564.0;179.2;51.7;48.7;84.7;25.5;0.0; 86.3;J0215M76;2;951.6;571.1
30.919625;-43.8303333;02 03 40.71;1.5;-43 49 49.20;1.7;3953.0;118.6;4245.0;127.4;64.8;56.5;36.2;0.0;0.0;     ;J0200M44;1;487.9;527.7
30.976791700000003;-68.78322220000001;02 03 54.43;1.5;-68 46 59.60;1.7;1165.0;35.0;1233.0;37.0;49.9;46.5;147.3;0.0;0.0;     ;J0224M68;2;1299.2;393.9
32.692;-51.0172778;02 10 46.08;1.5;-51 01 02.20;1.7;3370.0;101.1;3371.0;101.1;57.1;45.0;87.9;0.0;0.0;     ;J0200M52;2;151.0;801.3
32.85275;-61.937305599999995;02 11 24.66;1.5;-61 56 14.30;1.7;1331.0;40.0;1377.0;41.4;52.0;48.9;49.9;0.0;0.0;     ;J0200M60;2;266.0;53.8
33.0452917;-44.6016667;02 12 10.87;1.5;-44 36 06.00;1.7;1206.0;36.2;1233.0;37.0;64.8;56.2;37.2;0.0;0.0;     ;J0220M44;1;1160.4;349.5
33.863;-31.362611100000002;02 15 27.12;1.5;-31 21 45.40;1.7;1483.0;44.6;1483.0;44.6;84.9;45.0;1.1;0.0;0.0;     ;J0224M32;2;1302.1;481.4
34.0945;-30.16;02 16 22.68;1.5;-30 09 36.00;1.7;1137.0;34.2;1269.0;38.2;84.9;53.1;68.6;0.0;0.0;     ;J0224M32;1;1244.1;690.5
34.2890417;-57.3046111;02 17 09.37;1.5;-57 18 16.60;1.7;1306.0;39.2;1324.0;39.7;54.3;49.2;145.9;0.0;0.0;     ;J0224M56;1;1007.4;228.0
34.7601667;-36.429055600000005;02 19 02.44;1.5;-36 25 44.60;1.7;1156.0;34.8;1208.0;36.3;76.6;63.5;146.9;0.0;0.0;     ;J0224M36;1;1031.5;331.2
34.950375;-36.7204167;02 19 48.09;1.5;-36 43 13.50;1.7;1260.0;37.9;1317.0;39.6;76.6;52.5;123.8;0.0;0.0;     ;J0224M36;1;980.3;275.5
35.0340833;-70.37438890000001;02 20 08.18;1.5;-70 22 27.80;1.7;3103.0;93.1;3189.0;95.7;48.1;45.6;150.7;0.0;0.0;     ;J0215M72;1;563.9;1174.5
35.240375;-38.550861100000006;02 20 57.69;1.5;-38 33 03.10;1.7;1280.0;38.4;1584.0;47.6;70.0;57.6;109.4;0.0;0.0;     ;J0220M40;1;643.5;758.8
35.576041700000005;-41.9947778;02 22 18.25;1.5;-41 59 41.20;1.7;1642.0;49.3;1702.0;51.1;64.8;46.7;87.8;0.0;0.0;     ;J0220M44;2;564.9;945.4
35.992791700000005;-70.9969722;02 23 58.27;1.5;-70 59 49.10;1.7;1851.0;55.6;1987.0;59.6;48.9;46.8;118.2;0.0;0.0;     ;J0215M72;1;466.1;978.0
36.196208299999995;-69.9087778;02 24 47.09;1.5;-69 54 31.60;1.7;1186.0;35.6;1502.0;54.8;61.5;45.1;6.3;37.8;0.0;  7.8;J0224M68;2;682.9;74.9
36.8342083;-30.630111100000004;02 27 20.21;1.5;-30 37 48.40;1.7;1597.0;48.0;1620.0;48.7;84.9;47.9;110.4;0.0;0.0;     ;J0224M32;1;470.1;611.1
37.355;-52.54025;02 29 25.20;1.5;-52 32 24.90;1.7;2233.0;67.0;2524.0;75.7;59.8;49.6;154.7;0.0;0.0;     ;J0224M52;1;435.3;414.7
37.9614167;-66.4465833;02 31 50.74;1.5;-66 26 47.70;1.7;1990.0;59.7;2109.0;63.3;50.3;46.1;146.3;0.0;0.0;     ;J0224M68;1;448.5;1121.5
38.0622917;-51.454944399999995;02 32 14.95;1.5;-51 27 17.80;1.7;1834.0;55.0;1979.0;59.4;57.1;49.1;75.3;0.0;0.0;     ;J0224M52;1;284.5;691.9
39.08175;-37.7594167;02 36 19.62;1.5;-37 45 33.90;1.7;1364.0;41.0;1376.0;41.3;76.6;49.5;12.6;0.0;0.0;     ;J0242M36;1;1071.9;75.0
40.6515833;-42.0252778;02 42 36.38;1.5;-42 01 31.00;1.7;1946.0;58.4;2303.0;69.1;64.8;59.9;49.9;0.0;0.0;     ;J0240M44;2;546.6;938.4
40.807333299999996;-51.086833299999995;02 43 13.76;1.5;-51 05 12.60;1.7;2232.0;67.0;2265.0;68.0;57.1;45.8;82.5;0.0;0.0;     ;J0248M52;1;950.2;789.9
40.935416700000005;-51.2093333;02 43 44.50;1.5;-51 12 33.60;1.7;2559.0;76.8;3669.0;125.8;81.7;45.1;3.6;58.5;0.0;  4.9;J0248M52;1;923.3;758.6
41.475375;-44.9948611;02 45 54.09;1.5;-44 59 41.50;1.7;1928.0;57.9;1972.0;59.2;64.8;46.8;74.6;0.0;0.0;     ;J0240M44;1;363.6;261.7
41.5;-46.8551111;02 46 00.00;1.5;-46 51 18.40;1.7;1468.0;44.1;1520.0;45.6;62.3;45.6;171.3;0.0;0.0;     ;J0240M48;1;369.3;800.0
41.728958299999995;-55.6893889;02 46 54.95;1.5;-55 41 21.80;1.7;2273.0;68.2;2877.0;86.3;57.3;54.1;100.8;0.0;0.0;     ;J0248M56;1;755.0;669.2
41.746416700000005;-55.69022220000001;02 46 59.14;1.5;-55 41 24.80;1.7;1302.0;39.1;1303.0;39.1;54.3;45.1;95.5;0.0;0.0;     ;J0248M56;1;751.8;669.0
42.392625;-59.81575;02 49 34.23;1.5;-59 48 56.70;1.7;1531.0;46.0;1723.0;51.7;52.0;51.2;108.8;0.0;0.0;     ;J0300M60;1;1133.9;655.9
42.4507917;-55.938944400000004;02 49 48.19;1.5;-55 56 20.20;1.7;1724.0;51.7;1851.0;55.6;55.1;48.4;30.4;0.0;0.0;     ;J0248M56;1;622.4;601.3
42.9855833;-67.3003333;02 51 56.54;1.5;-67 18 01.20;1.7;1592.0;47.8;2113.0;78.1;59.8;48.5;99.5;39.3;0.0; 97.5;J0300M68;1;959.4;862.5
43.1929583;-71.0767222;02 52 46.31;1.5;-71 04 36.20;1.7;8543.0;256.3;8545.0;256.4;47.3;45.0;1.1;0.0;0.0;     ;J0300M72;1;896.8;954.6
43.8159167;-66.9487222;02 55 15.82;1.5;-66 56 55.40;1.7;1533.0;46.0;1539.0;46.2;48.5;46.6;50.1;0.0;0.0;     ;J0300M68;1;856.7;971.6
43.9675417;-48.9788611;02 55 52.21;1.5;-48 58 43.90;1.7;1258.0;37.8;1343.0;40.3;60.6;48.5;102.5;0.0;0.0;     ;J0300M48;1;926.8;284.8
44.0055417;-48.2609722;02 56 01.33;1.5;-48 15 39.50;1.7;1148.0;34.5;1148.0;34.5;60.6;51.2;30.0;0.0;0.0;     ;J0300M48;1;921.7;459.5
44.8606667;-39.67805560000001;02 59 26.56;1.5;-39 40 41.00;1.7;1460.0;43.8;1552.0;46.6;72.6;47.6;11.1;0.0;0.0;     ;J0300M40;1;740.1;521.7
45.9617083;-62.190388899999995;03 03 50.81;1.5;-62 11 25.40;1.7;2455.0;73.7;2456.0;73.7;50.1;45.0;89.1;0.0;0.0;     ;J0300M64;1;558.2;1165.2
46.2330417;-35.9473889;03 04 55.93;1.5;-35 56 50.60;1.7;1441.0;43.3;1813.0;54.5;77.1;64.3;31.2;0.0;0.0;     ;J0300M36;1;378.3;423.9
49.0435417;-68.35175;03 16 10.45;1.5;-68 21 06.30;1.7;2555.0;76.7;2555.0;76.7;48.5;45.7;29.5;0.0;0.0;     ;J0336M68;2;1302.7;525.0
49.162;-43.856888899999994;03 16 38.88;1.5;-43 51 24.80;1.7;1173.0;35.3;2017.0;78.6;87.7;57.3;3.8;59.3;35.1;  7.4;J0320M44;1;902.8;521.8
49.4899167;-44.2383333;03 17 57.58;1.5;-44 14 18.00;1.7;1866.0;56.0;1915.0;57.5;64.8;56.1;144.7;0.0;0.0;     ;J0320M44;1;824.6;435.6
50.5551667;-46.4471389;03 22 13.24;1.5;-46 26 49.70;1.7;1145.0;34.4;1145.0;34.4;60.6;45.0;179.6;0.0;0.0;     ;J0320M48;1;579.8;901.3
50.616375;-38.81169439999999;03 22 27.93;1.5;-38 48 42.10;1.7;1392.0;41.8;1392.0;41.8;70.0;45.0;179.6;0.0;0.0;     ;J0320M40;1;547.8;703.6
50.997125;-88.2719167;03 23 59.31;1.5;-88 16 18.90;1.7;1192.0;35.8;1341.0;53.3;49.5;46.1;83.5;20.6;0.0; 83.5;J0600M88;4;1060.9;489.2
51.0412917;-76.5004167;03 24 09.91;1.5;-76 30 01.50;1.7;1332.0;40.0;1402.0;42.1;48.4;45.4;22.9;0.0;0.0;     ;J0300M76;2;244.3;502.2
51.1181667;-54.891027799999996;03 24 28.36;1.5;-54 53 27.70;1.7;2027.0;60.8;2100.0;63.0;56.1;45.2;3.0;0.0;0.0;     ;J0312M56;2;118.4;874.9
51.8582083;-43.9467778;03 27 25.97;1.5;-43 56 48.40;1.7;1584.0;47.6;1738.0;52.2;64.8;53.9;55.0;0.0;0.0;     ;J0320M44;1;267.2;498.7
52.93575;-65.3003056;03 31 44.58;1.5;-65 18 01.10;1.7;1414.0;42.5;1938.0;83.4;60.2;51.6;34.5;36.5;20.5; 49.3;J0330M64;1;645.4;251.4
54.2689583;-41.3886667;03 37 04.55;1.5;-41 23 19.20;1.7;1798.0;54.0;1913.0;57.4;70.2;50.8;163.1;0.0;0.0;     ;J0340M40;1;884.5;161.4
54.7002083;-35.3720278;03 38 48.05;1.5;-35 22 19.30;1.7;1989.0;59.7;2074.0;62.3;76.6;63.0;30.4;0.0;0.0;     ;J0336M36;1;518.1;535.4
54.950708299999995;-40.3067222;03 39 48.17;1.5;-40 18 24.20;1.7;1718.0;51.6;1765.0;53.0;70.0;50.3;120.9;0.0;0.0;     ;J0340M40;1;717.3;389.5
55.522208299999996;-37.055944399999994;03 42 05.33;1.5;-37 03 21.40;1.7;3044.0;91.4;3126.0;93.8;76.6;49.7;62.0;0.0;0.0;     ;J0336M36;1;307.5;210.1
56.474166700000005;-53.0118333;03 45 53.80;1.5;-53 00 42.60;1.7;1167.0;35.0;1167.0;35.0;57.1;45.0;88.1;0.0;0.0;     ;J0336M52;1;218.0;288.5
58.8766667;-48.3858889;03 55 30.40;1.5;-48 23 09.20;1.7;1330.0;39.9;1929.0;67.0;83.0;49.2;23.4;59.9;0.0; 33.2;J0400M48;1;949.1;428.8
58.94825;-66.7591111;03 55 47.58;1.5;-66 45 32.80;1.7;1357.0;40.7;1448.0;43.5;48.7;48.0;60.5;0.0;0.0;     ;J0336M68;2;66.8;1006.8
59.945041700000004;-37.007194399999996;03 59 46.81;1.5;-37 00 25.90;1.7;1616.0;48.5;2191.0;82.2;85.2;62.8;148.8;59.4;0.0;116.0;J0354M36;1;327.4;219.6
60.79875;-50.5045833;04 03 11.70;1.5;-50 30 16.50;1.7;1282.0;38.5;1306.0;39.2;57.1;45.8;89.3;0.0;0.0;     ;J0400M52;1;538.7;940.9
62.082;-65.7643333;04 08 19.68;1.5;-65 45 51.60;1.7;1294.0;39.0;1294.0;39.0;50.1;45.0;88.1;0.0;0.0;     ;J0400M64;1;425.4;111.0
62.0845;-65.7523611;04 08 20.28;1.5;-65 45 08.50;1.7;24440.0;733.2;24444.0;733.3;50.1;45.0;178.1;0.0;0.0;     ;J0400M64;1;424.9;114.5
62.2019583;-75.12222220000001;04 08 48.47;1.5;-75 07 20.00;1.7;20830.0;624.9;21112.0;633.4;47.0;45.0;174.7;0.0;0.0;     ;J0345M76;2;205.8;938.3
62.593875;-52.547972200000004;04 10 22.53;1.5;-52 32 52.70;1.7;1792.0;53.8;1792.0;53.8;57.1;45.0;88.0;0.0;0.0;     ;J0400M52;2;189.0;407.4
62.8417917;-35.2169167;04 11 22.03;1.5;-35 13 00.90;1.7;1171.0;35.2;1396.0;42.0;76.6;58.6;120.0;0.0;0.0;     ;J0412M36;1;747.3;565.6
62.9962083;-64.6071389;04 11 59.09;1.5;-64 36 25.70;1.7;1499.0;45.0;1879.0;70.1;60.5;47.0;149.6;36.2;0.0;140.1;J0430M64;2;1336.4;435.4
63.200083299999996;-56.0135556;04 12 48.02;1.5;-56 00 48.80;1.7;3341.0;100.2;3853.0;147.2;61.7;45.7;174.4;29.7;0.0;168.2;J0400M56;2;119.9;570.1
63.2534583;-34.5032222;04 13 00.83;1.5;-34 30 11.60;1.7;2285.0;68.6;2301.0;69.1;76.6;47.8;66.5;0.0;0.0;     ;J0412M36;1;636.6;702.8
63.788625;-42.3968611;04 15 09.27;1.5;-42 23 48.70;1.7;1200.0;36.0;1305.0;39.2;64.8;55.7;35.3;0.0;0.0;     ;J0420M44;1;997.8;852.9
64.9447917;-39.8349722;04 19 46.75;1.5;-39 50 05.90;1.7;1699.0;51.0;1721.0;51.7;70.0;57.3;142.3;0.0;0.0;     ;J0420M40;1;718.9;488.7
65.155125;-41.4357222;04 20 37.23;1.5;-41 26 08.60;1.7;1188.0;35.7;1188.0;35.7;70.0;47.5;114.7;0.0;0.0;     ;J0420M40;1;666.9;152.0
65.1776667;-57.93975;04 20 42.64;1.5;-57 56 23.10;1.7;1261.0;37.9;1261.0;37.9;54.3;45.2;7.8;0.0;0.0;     ;J0424M56;2;847.9;58.1
65.234125;-62.393777799999995;04 20 56.19;1.5;-62 23 37.60;1.7;5617.0;168.5;5619.0;168.6;50.1;45.2;81.5;0.0;0.0;     ;J0430M64;1;1048.5;1100.9
65.7262083;-33.252416700000005;04 22 54.29;1.5;-33 15 08.70;1.7;1347.0;40.5;1347.0;40.5;84.9;45.0;1.0;0.0;0.0;     ;J0430M32;1;1190.4;154.7
65.945625;-34.0445278;04 23 46.95;1.5;-34 02 40.30;1.7;1720.0;51.7;1996.0;60.0;76.6;62.0;29.9;0.0;0.0;     ;J0430M36;2;1126.5;789.1
67.2605833;-53.827722200000004;04 29 02.54;1.5;-53 49 39.80;1.7;1124.0;33.8;1290.0;38.8;57.1;52.7;107.8;0.0;0.0;     ;J0424M52;1;461.5;83.1
67.29245829999999;-53.8256111;04 29 10.19;1.5;-53 49 32.20;1.7;1901.0;57.1;2859.0;116.4;67.9;58.5;41.1;46.6;24.1; 66.2;J0424M52;1;455.4;83.5
67.4169583;-36.5154167;04 29 40.07;1.5;-36 30 55.50;1.7;3610.0;108.3;3611.0;108.4;76.6;46.2;73.6;0.0;0.0;     ;J0430M36;1;726.8;315.8
68.2508333;-29.937861100000003;04 33 00.20;1.5;-29 56 16.30;1.7;1494.0;44.9;1760.0;52.9;84.9;68.1;137.4;0.0;0.0;     ;J0430M32;1;492.1;731.2
69.2815;-33.2025833;04 37 07.56;1.5;-33 12 09.30;1.7;1222.0;36.8;1273.0;38.3;85.4;50.1;8.7;0.0;0.0;     ;J0430M32;1;217.2;163.3
69.2863333;-64.982;04 37 08.72;1.5;-64 58 55.20;1.7;1563.0;46.9;1995.0;73.2;62.4;46.3;25.5;38.7;0.0; 32.8;J0430M64;1;457.8;342.0
69.401875;-29.901805600000003;04 37 36.45;1.5;-29 54 06.50;1.7;1564.0;47.0;1592.0;47.8;84.9;59.6;17.9;0.0;0.0;     ;J0430M32;1;165.5;735.3
70.071125;-43.5525;04 40 17.07;1.5;-43 33 09.00;1.7;5838.0;175.2;5858.0;175.8;64.8;51.2;156.9;0.0;0.0;     ;J0440M44;1;688.1;591.7
70.1400417;-42.4884167;04 40 33.61;1.5;-42 29 18.30;1.7;1144.0;34.4;1210.0;36.3;64.8;54.1;48.3;0.0;0.0;     ;J0440M44;1;671.2;833.6
71.0605833;-59.4148056;04 44 14.54;1.5;-59 24 53.30;1.7;2057.0;61.7;2094.0;62.8;52.0;46.9;156.7;0.0;0.0;     ;J0500M60;2;1360.5;760.0
72.13775;-52.685805599999995;04 48 33.06;1.5;-52 41 08.90;1.7;1803.0;54.1;1931.0;58.0;57.1;52.2;42.0;0.0;0.0;     ;J0448M52;1;677.7;379.1
72.194375;-62.273805599999996;04 48 46.65;1.5;-62 16 25.70;1.7;1117.0;33.5;1226.0;48.3;55.0;45.0;4.0;22.8;0.0;  7.7;J0500M64;1;1132.0;1133.2
73.47675;-41.9488611;04 53 54.42;1.5;-41 56 55.90;1.7;1206.0;36.2;1266.0;38.0;70.0;52.0;58.0;0.0;0.0;     ;J0500M40;2;1075.7;42.1
73.80933329999999;-30.111888899999997;04 55 14.24;1.5;-30 06 42.80;1.7;3937.0;118.2;4342.0;130.3;85.3;57.1;162.6;0.0;0.0;     ;J0448M32;1;192.9;699.1
73.9605833;-46.266611100000006;04 55 50.54;1.5;-46 15 59.80;1.7;2817.0;84.5;2874.0;86.3;60.6;50.6;129.7;0.0;0.0;     ;J0500M48;1;940.2;944.3
74.3164167;-40.4225556;04 57 15.94;1.5;-40 25 21.20;1.7;1674.0;50.3;1831.0;55.0;70.0;56.4;130.0;0.0;0.0;     ;J0500M40;1;875.3;364.7
76.68229170000001;-61.161527799999995;05 06 43.75;1.5;-61 09 41.50;1.7;3008.0;90.3;3124.0;93.7;52.0;48.2;59.5;0.0;0.0;     ;J0500M60;1;439.5;278.9
76.8545;-50.2230278;05 07 25.08;1.5;-50 13 22.90;1.7;1111.0;33.4;1184.0;35.6;57.1;47.9;92.2;0.0;0.0;     ;J0512M52;1;944.8;1012.7
76.9852917;-38.7110278;05 07 56.47;1.5;-38 42 39.70;1.7;1843.0;55.3;1844.0;55.4;70.0;45.0;178.8;0.0;0.0;     ;J0500M40;1;198.1;721.5
77.5765417;-57.328277799999995;05 10 18.37;1.5;-57 19 41.80;1.7;2733.0;82.0;2793.0;83.8;54.3;47.9;120.1;0.0;0.0;     ;J0512M56;1;779.8;224.5
77.7574583;-33.2670278;05 11 01.79;1.5;-33 16 01.30;1.7;1423.0;42.8;1594.0;47.9;84.9;55.0;117.4;0.0;0.0;     ;J0506M32;1;360.9;153.2
78.224375;-48.3980278;05 12 53.85;1.5;-48 23 52.90;1.7;2409.0;72.3;2840.0;85.3;61.6;52.4;79.4;0.0;0.0;     ;J0520M48;1;1090.8;423.9
78.6371667;-48.758638899999994;05 14 32.92;1.5;-48 45 31.10;1.7;1603.0;48.2;2268.0;83.0;73.6;54.6;139.7;52.0;0.0;121.3;J0520M48;1;999.0;337.6
78.7985;-49.5523333;05 15 11.64;1.5;-49 33 08.40;1.7;1426.0;42.8;1557.0;46.8;63.4;47.6;168.3;0.0;0.0;     ;J0520M48;1;960.1;145.0
78.905375;-67.3578333;05 15 37.29;1.5;-67 21 28.20;1.7;2400.0;72.0;2400.0;72.0;48.5;45.0;92.0;0.0;0.0;     ;J0524M68;1;968.8;844.7
78.9369167;-45.9456111;05 15 44.86;1.5;-45 56 44.20;1.7;1357.0;40.8;1595.0;47.9;61.0;53.2;69.8;0.0;0.0;     ;J0520M48;2;946.9;1022.3
79.0295833;-42.8640833;05 16 07.10;1.5;-42 51 50.70;1.7;1148.0;34.5;1220.0;36.7;64.8;48.2;80.4;0.0;0.0;     ;J0520M44;1;937.8;747.3
79.8608333;-45.766361100000005;05 19 26.60;1.5;-45 45 58.90;1.7;15500.0;465.0;17134.0;514.0;64.8;49.7;89.2;0.0;0.0;     ;J0520M44;1;736.8;88.5
79.89225;-45.7602778;05 19 34.14;1.5;-45 45 37.00;1.7;1542.0;46.4;3903.0;134.0;129.6;60.8;33.9;115.6;30.2; 38.5;J0520M44;1;729.6;89.9
79.9111667;-45.7676111;05 19 38.68;1.5;-45 46 03.40;1.7;4586.0;137.6;54636.0;1651.0;248.3;141.4;106.0;243.9;126.3;105.2;J0520M44;1;725.3;88.2
79.9645;-45.7826944;05 19 51.48;1.5;-45 46 57.70;1.7;1123.0;33.9;2263.0;74.2;112.4;55.8;34.8;96.3;0.0; 41.3;J0520M44;1;713.1;84.8
80.0137083;-45.7887778;05 20 03.29;1.5;-45 47 19.60;1.7;8050.0;241.5;43014.0;1334.0;143.2;110.5;109.6;135.2;90.6;105.7;J0520M44;1;701.9;83.4
80.0279583;-45.794388899999994;05 20 06.71;1.5;-45 47 39.80;1.7;3148.0;94.5;3149.0;94.5;64.8;47.0;66.1;0.0;0.0;     ;J0520M44;1;698.6;82.1
80.741;-36.458611100000006;05 22 57.84;1.5;-36 27 31.00;1.7;18877.0;566.3;22653.0;679.6;77.9;55.5;117.1;0.0;0.0;     ;J0524M36;1;773.2;326.7
80.7434167;-36.4638611;05 22 58.42;1.5;-36 27 49.90;1.8;1226.0;37.0;6265.0;197.2;248.8;78.1;162.3;237.5;60.8;161.1;J0524M36;1;772.5;325.7
80.88745829999999;-32.856333299999996;05 23 32.99;1.5;-32 51 22.80;1.7;1364.0;41.0;1849.0;55.6;84.9;75.0;133.3;0.0;0.0;     ;J0524M32;1;735.9;225.5
81.1671667;-56.98072220000001;05 24 40.12;1.5;-56 58 50.60;1.7;1449.0;43.5;1514.0;45.5;54.3;50.4;47.2;0.0;0.0;     ;J0512M56;2;140.5;308.2
81.2595833;-69.64411109999999;05 25 02.30;1.5;-69 38 38.80;1.7;2020.0;60.6;5453.0;185.2;88.9;66.5;33.3;75.2;47.9; 35.9;J0524M68;1;675.4;155.1
81.380375;-45.965388899999994;05 25 31.29;1.5;-45 57 55.40;1.7;1919.0;57.6;2063.0;62.0;60.6;54.6;137.8;0.0;0.0;     ;J0520M48;2;391.0;1016.6
82.6050417;-54.906138899999995;05 30 25.21;1.5;-54 54 22.10;1.7;1186.0;35.6;1232.0;37.0;54.3;47.6;70.8;0.0;0.0;     ;J0536M56;1;967.4;879.6
82.8148333;-30.53775;05 31 15.56;1.5;-30 32 15.90;1.7;1204.0;36.2;1213.0;36.5;84.9;51.6;10.3;0.0;0.0;     ;J0524M32;1;193.5;625.3
83.1995;-63.80497220000001;05 32 47.88;1.5;-63 48 17.90;1.7;1474.0;44.2;1654.0;49.6;50.8;49.8;74.2;0.0;0.0;     ;J0530M64;1;603.9;690.9
83.4139583;-45.875916700000005;05 33 39.35;1.5;-45 52 33.30;1.7;1731.0;52.0;1834.0;55.1;64.8;50.2;65.6;0.0;0.0;     ;J0540M44;1;1066.3;61.2
83.6094167;-51.2204722;05 34 26.26;1.5;-51 13 13.70;1.7;1400.0;42.0;1474.0;44.3;57.1;47.5;80.9;0.0;0.0;     ;J0536M52;1;785.1;756.9
83.6803333;-61.3628056;05 34 43.28;1.5;-61 21 46.10;1.7;1299.0;39.0;1300.0;39.0;52.0;45.0;179.0;0.0;0.0;     ;J0530M60;1;519.9;223.4
83.7478333;-56.5831111;05 34 59.48;1.5;-56 34 59.20;1.7;1347.0;40.4;1356.0;40.7;54.4;45.3;8.6;0.0;0.0;     ;J0536M56;1;750.5;426.7
84.0569583;-49.73975;05 36 13.67;1.5;-49 44 23.10;1.7;3003.0;90.1;3664.0;110.0;60.7;54.9;86.5;0.0;0.0;     ;J0540M48;1;904.5;100.0
84.6465833;-69.10416670000001;05 38 35.18;1.5;-69 06 15.00;1.7;1447.0;43.5;7154.0;225.1;145.9;74.1;178.9;137.6;58.8;178.9;J0600M68;2;1329.0;293.9
84.7035833;-69.08077779999999;05 38 48.86;1.5;-69 04 50.80;1.7;1508.0;45.3;5537.0;178.7;104.9;76.5;110.7;94.6;59.5;109.5;J0600M68;2;1323.0;301.5
84.7090833;-44.0861944;05 38 50.18;1.5;-44 05 10.30;1.7;3431.0;103.0;3524.0;105.8;64.8;50.8;55.1;0.0;0.0;     ;J0540M44;1;773.4;470.3
85.103625;-53.0626667;05 40 24.87;1.5;-53 03 45.60;1.7;1300.0;39.0;1352.0;40.6;57.1;46.8;90.4;0.0;0.0;     ;J0536M52;1;488.0;280.7
85.4599583;-73.5371944;05 41 50.39;1.5;-73 32 13.90;1.7;1718.0;51.6;1810.0;54.3;48.8;46.1;33.3;0.0;0.0;     ;J0515M72;2;84.1;158.7
85.61225;-48.840444399999996;05 42 26.94;1.5;-48 50 25.60;1.7;1480.0;44.4;1553.0;46.6;60.6;53.7;141.6;0.0;0.0;     ;J0540M48;1;573.1;319.2
86.9080833;-44.5199167;05 47 37.94;1.5;-44 31 11.70;1.7;2387.0;71.7;2472.0;74.2;64.8;50.9;156.4;0.0;0.0;     ;J0540M44;1;259.8;368.2
87.010375;-45.906611100000006;05 48 02.49;1.5;-45 54 23.80;1.7;1226.0;36.8;1270.0;38.1;60.6;51.2;50.4;0.0;0.0;     ;J0540M48;4;247.3;1028.6
87.058125;-48.2811667;05 48 13.95;1.5;-48 16 52.20;1.7;1106.0;33.2;1174.0;35.3;61.5;47.2;101.8;0.0;0.0;     ;J0600M48;2;1345.4;446.5
87.3447083;-40.852277799999996;05 49 22.73;1.5;-40 51 08.20;1.7;3446.0;103.4;3521.0;105.7;70.0;59.2;36.5;0.0;0.0;     ;J0600M40;2;1362.1;268.4
87.3551667;-40.856694399999995;05 49 25.24;1.5;-40 51 24.10;1.7;1539.0;46.3;1539.0;46.3;70.0;52.0;162.2;0.0;0.0;     ;J0600M40;2;1359.4;267.5
87.7066667;-31.74075;05 50 49.60;1.5;-31 44 26.70;1.7;1395.0;41.9;1540.0;46.3;84.9;50.7;102.7;0.0;0.0;     ;J0542M32;2;91.0;415.6
88.3085;-46.1796667;05 53 14.04;1.5;-46 10 46.80;1.7;1657.0;49.7;1666.0;50.0;60.6;45.5;99.8;0.0;0.0;     ;J0600M48;1;1088.2;963.5
89.0640417;-32.386;05 56 15.37;1.5;-32 23 09.60;1.7;1733.0;52.1;2211.0;66.5;84.9;60.7;112.9;0.0;0.0;     ;J0600M32;1;963.7;306.5
90.511625;-38.319861100000004;06 02 02.79;1.5;-38 19 11.50;1.7;1702.0;51.1;1981.0;59.5;70.0;56.9;59.1;0.0;0.0;     ;J0600M40;1;573.6;807.2
90.7745417;-79.5806667;06 03 05.89;1.5;-79 34 50.40;1.7;2268.0;68.1;2280.0;68.4;45.7;45.3;73.0;0.0;0.0;     ;J0600M80;1;659.2;828.8
90.7985;-34.4458611;06 03 11.64;1.5;-34 26 45.10;1.7;1444.0;43.4;2201.0;77.8;96.9;62.0;28.7;71.0;0.0; 50.2;J0600M36;1;489.5;713.4
91.0607917;-31.932166700000003;06 04 14.59;1.5;-31 55 55.80;1.7;3567.0;107.1;3568.0;107.1;84.9;46.2;174.9;0.0;0.0;     ;J0600M32;1;410.4;385.0
91.4745;-35.3026111;06 05 53.88;1.5;-35 18 09.40;1.7;1798.0;54.0;1799.0;54.0;76.6;50.9;124.3;0.0;0.0;     ;J0600M36;1;311.2;547.4
91.9787083;-60.53072220000001;06 07 54.89;1.5;-60 31 50.60;1.7;1392.0;41.8;1400.0;42.0;52.0;46.3;63.9;0.0;0.0;     ;J0600M60;1;386.5;456.5
92.5565;-74.53275;06 10 13.56;1.5;-74 31 57.90;1.7;1651.0;49.6;1816.0;71.9;51.0;45.0;177.8;21.3;0.0;177.2;J0600M76;1;481.9;1145.2
93.377625;-47.4545;06 13 30.63;1.5;-47 27 16.20;1.7;1318.0;39.6;1318.0;39.6;60.6;48.4;21.2;0.0;0.0;     ;J0620M48;1;1064.0;653.9
93.7722917;-82.621;06 15 05.35;1.5;-82 37 15.60;1.7;1715.0;51.5;1769.0;53.1;46.6;45.0;19.9;0.0;0.0;     ;J0600M84;1;546.6;1144.6
94.1496667;-34.93825;06 16 35.92;1.5;-34 56 17.70;1.7;3704.0;111.2;3705.0;111.2;76.6;45.0;0.2;0.0;0.0;     ;J0618M36;1;799.0;619.1
94.38425;-36.5707778;06 17 32.22;1.5;-36 34 14.80;1.7;3030.0;91.0;3031.0;91.0;76.6;49.4;120.8;0.0;0.0;     ;J0618M36;1;735.4;305.2
94.9877917;-37.195583299999996;06 19 57.07;1.5;-37 11 44.10;1.7;1371.0;41.2;1999.0;60.1;76.6;69.9;122.3;0.0;0.0;     ;J0618M36;1;577.8;184.8
95.014625;-37.1916667;06 20 03.51;1.5;-37 11 30.00;1.7;1394.0;41.9;2057.0;61.9;79.0;73.2;143.1;0.0;0.0;     ;J0618M36;1;570.8;185.6
95.2547083;-45.0776944;06 21 01.13;1.5;-45 04 39.70;1.7;1965.0;59.0;2028.0;60.9;64.8;46.5;95.1;0.0;0.0;     ;J0620M44;1;646.1;244.9
95.42833329999999;-52.691277799999995;06 21 42.80;1.5;-52 41 28.60;1.7;1951.0;58.6;2783.0;102.9;68.5;54.6;55.7;49.2;0.0; 69.7;J0624M52;1;818.4;377.4
95.471;-59.5855;06 21 53.04;1.5;-59 35 07.80;1.7;1226.0;36.8;1298.0;39.0;52.0;48.7;66.9;0.0;0.0;     ;J0630M60;1;1041.1;724.0
96.5895417;-53.685888899999995;06 26 21.49;1.5;-53 41 09.20;1.7;4518.0;135.6;6343.0;219.8;79.2;45.9;11.5;55.4;0.0; 16.0;J0624M52;1;590.7;120.9
96.5984167;-53.7016111;06 26 23.62;1.5;-53 42 05.80;1.7;1671.0;50.2;3097.0;105.2;84.4;56.7;104.3;71.0;0.0;100.9;J0624M52;1;589.1;116.9
96.7040833;-54.555;06 26 48.98;1.5;-54 33 18.00;1.7;1275.0;38.3;1936.0;65.7;81.4;45.8;13.0;61.2;0.0; 16.1;J0624M56;1;571.4;976.5
96.776875;-35.4863611;06 27 06.45;1.5;-35 29 10.90;1.7;1652.0;49.6;4592.0;149.8;125.7;76.4;98.2;117.1;0.0; 95.9;J0636M36;2;1297.3;509.8
96.779875;-35.488805600000006;06 27 07.17;1.5;-35 29 19.70;1.7;1675.0;50.3;1688.0;50.7;76.6;48.7;11.8;0.0;0.0;     ;J0636M36;2;1296.5;509.4
98.9377083;-75.2709167;06 35 45.05;1.5;-75 16 15.30;1.7;5376.0;161.3;5377.0;161.3;46.4;45.5;56.1;0.0;0.0;     ;J0645M76;1;897.4;911.9
99.6886667;-43.0263056;06 38 45.28;1.5;-43 01 34.70;1.7;1294.0;38.9;1294.0;38.9;64.8;45.0;0.2;0.0;0.0;     ;J0640M44;1;779.5;711.3
99.8265;-78.2581111;06 39 18.36;1.5;-78 15 29.20;1.7;1780.0;53.4;1781.0;53.5;45.7;45.0;5.1;0.0;0.0;     ;J0700M80;2;1049.1;1240.2
100.3225;-35.9095833;06 41 17.40;1.5;-35 54 34.50;1.7;1225.0;36.8;1277.0;38.4;76.6;56.8;133.3;0.0;0.0;     ;J0636M36;1;354.5;431.0
100.5625417;-55.3976389;06 42 15.01;1.5;-55 23 51.50;1.7;1133.0;34.0;1213.0;36.4;54.3;49.4;144.3;0.0;0.0;     ;J0648M56;1;972.1;746.1
100.8204583;-45.9223611;06 43 16.91;1.5;-45 55 20.50;1.7;1381.0;41.5;1461.0;43.9;60.6;54.3;135.3;0.0;0.0;     ;J0640M48;2;518.2;1028.5
102.0451667;-39.940138899999994;06 48 10.84;1.5;-39 56 24.50;1.7;1569.0;47.1;1668.0;50.1;73.6;45.8;3.2;0.0;0.0;     ;J0640M40;1;191.9;462.8
102.0495833;-39.9657778;06 48 11.90;1.5;-39 57 56.80;1.7;1296.0;38.9;1445.0;43.4;70.0;55.6;152.4;0.0;0.0;     ;J0640M40;1;191.0;457.4
102.201375;-47.57425;06 48 48.33;1.5;-47 34 27.30;1.7;3190.0;95.7;3190.0;95.7;60.6;45.0;178.4;0.0;0.0;     ;J0640M48;2;219.1;622.4
103.1722083;-56.7146944;06 52 41.33;1.5;-56 42 52.90;1.7;1929.0;57.9;2043.0;61.3;54.4;48.4;29.8;0.0;0.0;     ;J0648M56;1;494.5;389.6
104.3210833;-32.0593333;06 57 17.06;1.5;-32 03 33.60;1.7;2178.0;65.4;2214.0;66.5;84.9;46.6;76.5;0.0;0.0;     ;J0654M32;1;477.3;363.3
104.553375;-65.74786110000001;06 58 12.81;1.5;-65 44 52.30;1.7;2716.0;81.5;3498.0;155.7;55.0;53.0;122.6;30.9;18.7; 99.4;J0700M64;1;765.0;119.8
105.5382083;-47.442666700000004;07 02 09.17;1.5;-47 26 33.60;1.7;1659.0;49.8;2138.0;64.2;64.1;56.7;129.3;0.0;0.0;     ;J0700M48;1;585.9;659.2
106.47495829999998;-42.8147222;07 05 53.99;1.5;-42 48 53.00;1.7;1787.0;53.6;2206.0;66.2;64.8;55.6;92.4;0.0;0.0;     ;J0700M44;1;350.9;757.2
106.74941670000001;-50.3741667;07 06 59.86;1.5;-50 22 27.00;1.7;1303.0;39.1;1510.0;45.3;57.1;54.7;120.4;0.0;0.0;     ;J0712M52;1;966.0;973.5
107.395;-36.0637778;07 09 34.80;1.5;-36 03 49.60;1.7;1205.0;36.2;1307.0;39.3;76.6;48.9;94.6;0.0;0.0;     ;J0712M36;1;865.1;402.4
107.813625;-47.1114167;07 11 15.27;1.5;-47 06 41.10;1.7;1172.0;35.2;1382.0;41.5;60.6;55.0;61.7;0.0;0.0;     ;J0720M48;2;1191.9;735.0
108.25691670000002;-64.48588889999999;07 13 01.66;1.5;-64 29 09.20;1.7;1290.0;38.7;1399.0;42.0;51.9;47.4;148.4;0.0;0.0;     ;J0730M64;2;1302.6;473.2
109.13104170000001;-36.73825;07 16 31.45;1.5;-36 44 17.70;1.7;1162.0;34.9;1162.0;34.9;76.6;45.0;179.3;0.0;0.0;     ;J0712M36;1;408.4;272.0
109.23779170000002;-81.0661667;07 16 57.07;1.5;-81 03 58.20;1.7;1106.0;33.2;1156.0;34.7;47.5;45.2;144.3;0.0;0.0;     ;J0700M80;2;489.8;342.7
110.061125;-55.4215556;07 20 14.67;1.5;-55 25 17.60;1.7;2310.0;69.3;3339.0;117.8;72.7;49.1;156.0;50.4;0.0;147.5;J0712M56;1;322.3;737.2
110.32670829999999;-52.9453889;07 21 18.41;1.5;-52 56 43.40;1.7;1598.0;48.0;1838.0;55.2;57.6;52.7;133.6;0.0;0.0;     ;J0712M52;1;246.3;306.4
110.6336667;-37.070138899999996;07 22 32.08;1.5;-37 04 12.50;1.7;1260.0;37.8;1261.0;37.9;76.6;45.2;84.7;0.0;0.0;     ;J0730M36;2;1192.3;206.4
110.84679170000001;-64.61819440000001;07 23 23.23;1.5;-64 37 05.50;1.7;1538.0;46.2;1557.0;46.7;50.1;47.8;47.4;0.0;0.0;     ;J0730M64;1;936.9;449.5
113.18454170000001;-46.671833299999996;07 32 44.29;1.5;-46 40 18.60;1.7;1316.0;39.5;1403.0;42.1;60.6;53.3;144.8;0.0;0.0;     ;J0740M48;1;1112.6;843.4
114.69245829999998;-59.5838611;07 38 46.19;1.5;-59 35 01.90;1.7;1453.0;43.6;1540.0;46.2;52.0;49.7;127.8;0.0;0.0;     ;J0730M60;1;341.8;723.7
115.448125;-52.566;07 41 47.55;1.5;-52 33 57.60;1.7;1323.0;39.7;1383.0;41.5;57.6;47.4;158.6;0.0;0.0;     ;J0736M52;1;417.0;407.8
115.88541670000001;-44.567916700000005;07 43 32.50;1.5;-44 34 04.50;1.7;1487.0;44.6;1656.0;49.7;67.2;48.3;87.3;0.0;0.0;     ;J0740M44;1;498.6;360.1
115.88595829999998;-67.4412778;07 43 32.63;1.5;-67 26 28.60;1.7;5408.0;162.3;5678.0;170.4;48.5;47.5;107.8;0.0;0.0;     ;J0748M68;1;844.9;822.4
116.68191670000002;-66.2147778;07 46 43.66;1.5;-66 12 53.20;1.7;1861.0;55.9;1896.0;56.9;48.6;45.8;86.7;0.0;0.0;     ;J0748M68;1;747.0;1195.5
118.06225;-78.19033329999999;07 52 14.94;1.5;-78 11 25.20;1.7;1267.0;38.0;1378.0;55.5;49.1;45.6;116.0;19.3;0.0;112.2;J0800M80;1;834.8;1275.0
119.8729583;-80.9890556;07 59 29.51;1.5;-80 59 20.60;1.7;1375.0;41.3;1454.0;43.6;48.1;45.2;147.1;0.0;0.0;     ;J0800M80;1;711.5;375.2
124.656125;-74.9156667;08 18 37.47;1.5;-74 54 56.40;1.7;1215.0;36.5;1248.0;37.5;47.6;45.1;164.1;0.0;0.0;     ;J0815M76;1;627.8;1027.7
125.2435;-57.0925;08 20 58.44;1.5;-57 05 33.00;1.7;2068.0;62.1;2322.0;69.7;54.3;52.3;63.0;0.0;0.0;     ;J0824M56;1;839.5;288.0
129.3086667;-83.7445833;08 37 14.08;1.5;-83 44 40.50;1.7;1894.0;56.8;1894.0;56.8;45.2;45.1;42.6;0.0;0.0;     ;J0900M84;2;907.6;774.2
129.4079583;-61.52227779999999;08 37 37.91;1.5;-61 31 20.20;1.7;1277.0;38.3;1277.0;38.3;52.0;45.0;178.3;0.0;0.0;     ;J0830M60;1;407.3;175.9
130.359125;-75.6753056;08 41 26.19;1.5;-75 40 31.10;1.7;6278.0;188.4;6508.0;195.3;46.9;46.2;51.1;0.0;0.0;     ;J0815M76;2;171.0;758.1
130.908;-81.30811109999999;08 43 37.92;1.5;-81 18 29.20;1.7;1525.0;45.8;1872.0;70.0;55.6;45.4;136.0;32.2;0.0;134.2;J0900M80;2;907.2;265.4
134.9360833;-64.18902779999999;08 59 44.66;1.5;-64 11 20.50;1.7;1200.0;36.0;1219.0;36.6;50.1;45.8;20.8;0.0;0.0;     ;J0900M64;1;714.1;578.4
136.717625;-68.4944167;09 06 52.23;1.5;-68 29 39.90;1.7;2931.0;87.9;2931.0;87.9;48.5;46.2;50.9;0.0;0.0;     ;J0900M68;1;499.0;501.3
138.006125;-63.8778333;09 12 01.47;1.5;-63 52 40.20;1.7;1952.0;58.6;2035.0;61.1;51.5;45.8;17.5;0.0;0.0;     ;J0900M64;2;272.0;660.8
139.23266669999998;-31.610888899999996;09 16 55.84;1.5;-31 36 39.20;1.7;1588.0;47.7;1588.0;47.7;84.9;53.4;50.7;0.0;0.0;     ;J0918M32;1;779.5;441.4
139.64820830000002;-77.0405833;09 18 35.57;1.5;-77 02 26.10;1.7;1273.0;38.2;1295.0;38.9;46.4;46.1;124.9;0.0;0.0;     ;J0945M76;2;1188.5;327.3
141.9555;-79.0145;09 27 49.32;1.5;-79 00 52.20;1.7;1612.0;48.4;1634.0;49.0;46.0;45.3;46.4;0.0;0.0;     ;J1000M80;2;1205.0;977.5
145.848125;-76.3365;09 43 23.55;1.5;-76 20 11.40;1.7;2777.0;83.3;2867.0;86.0;47.1;45.8;133.1;0.0;0.0;     ;J0945M76;1;736.1;577.0
148.3050417;-75.39013890000001;09 53 13.21;1.5;-75 23 24.50;1.7;1116.0;33.5;1190.0;35.7;48.4;46.0;56.0;0.0;0.0;     ;J0945M76;1;535.4;874.8
151.4885;-41.8143889;10 05 57.24;1.5;-41 48 51.80;1.7;2583.0;77.5;2705.0;81.2;70.0;52.7;124.8;0.0;0.0;     ;J1000M40;1;342.0;70.4
153.4577083;-31.8940833;10 13 49.85;1.5;-31 53 38.70;1.7;1129.0;34.0;1367.0;41.1;85.7;56.5;114.3;0.0;0.0;     ;J1012M32;1;577.8;392.2
153.5122083;-36.2799167;10 14 02.93;1.5;-36 16 47.70;1.7;1120.0;33.6;1120.0;33.6;76.6;45.0;179.7;0.0;0.0;     ;J1012M36;1;569.9;360.9
154.5382917;-31.7374167;10 18 09.19;1.5;-31 44 14.70;1.7;5063.0;151.9;5307.0;159.3;84.9;52.3;119.9;0.0;0.0;     ;J1012M32;1;276.9;417.9
154.9402917;-42.4175;10 19 45.67;1.5;-42 25 03.00;1.7;1835.0;55.1;1995.0;59.9;64.8;51.5;116.0;0.0;0.0;     ;J1020M44;1;719.4;849.7
155.01475;-42.8591667;10 20 03.54;1.5;-42 51 33.00;1.7;6456.0;193.7;6719.0;201.6;64.8;55.9;40.5;0.0;0.0;     ;J1020M44;1;701.5;749.3
155.0480417;-32.7596389;10 20 11.53;1.5;-32 45 34.70;1.7;2521.0;75.7;2522.0;75.7;84.9;45.0;178.9;0.0;0.0;     ;J1012M32;2;141.5;239.4
156.8692917;-40.8343333;10 27 28.63;1.5;-40 50 03.60;1.7;2200.0;66.0;2324.0;69.8;70.0;50.0;112.9;0.0;0.0;     ;J1020M40;1;242.2;275.4
158.3037083;-34.3124722;10 33 12.89;1.5;-34 18 44.90;1.7;2279.0;68.4;2407.0;72.3;76.6;56.1;130.5;0.0;0.0;     ;J1030M36;1;487.8;739.0
158.389625;-80.8048056;10 33 33.51;1.5;-80 48 17.30;1.7;1213.0;36.4;1214.0;36.4;45.7;45.0;166.7;0.0;0.0;     ;J1000M80;2;267.8;403.5
158.8237917;-70.7535556;10 35 17.71;1.5;-70 45 12.80;1.7;1591.0;47.8;1634.0;49.0;47.3;46.6;51.9;0.0;0.0;     ;J1030M72;1;562.2;1056.4
158.94408330000002;-41.6455;10 35 46.58;1.5;-41 38 43.80;1.7;1431.0;43.0;1691.0;50.8;70.0;54.0;104.1;0.0;0.0;     ;J1040M40;1;963.2;106.9
159.29995830000001;-73.0921111;10 37 11.99;1.5;-73 05 31.60;1.7;1213.0;36.4;1251.0;37.6;47.7;46.1;137.7;0.0;0.0;     ;J1030M72;1;533.7;327.7
159.6177917;-70.0525;10 38 28.27;1.5;-70 03 09.00;1.7;3900.0;117.0;3900.0;117.0;48.5;46.5;144.8;0.0;0.0;     ;J1048M68;2;970.9;26.6
159.74825;-42.3983333;10 38 59.58;1.5;-42 23 54.00;1.7;1138.0;34.2;1157.0;34.8;64.8;55.1;140.9;0.0;0.0;     ;J1040M44;1;765.8;854.0
161.2671667;-41.225333299999996;10 45 04.12;1.5;-41 13 31.20;1.7;1541.0;46.3;1547.0;46.4;70.0;45.3;93.1;0.0;0.0;     ;J1040M40;1;393.1;194.8
161.6850417;-36.02038889999999;10 46 44.41;1.5;-36 01 13.40;1.7;1125.0;33.8;1208.0;36.3;76.6;55.9;128.7;0.0;0.0;     ;J1048M36;1;788.4;411.0
162.1584167;-41.2325833;10 48 38.02;1.5;-41 13 57.30;1.7;2730.0;81.9;2730.0;81.9;70.0;47.8;167.1;0.0;0.0;     ;J1040M40;1;173.9;190.6
162.7220833;-47.317666700000004;10 50 53.30;1.5;-47 19 03.60;1.7;1111.0;33.4;1241.0;37.3;61.0;50.6;113.0;0.0;0.0;     ;J1100M48;2;1210.3;684.4
164.2894583;-37.308361100000006;10 57 09.47;1.5;-37 18 30.10;1.7;2049.0;61.5;2049.0;61.5;76.6;45.2;0.4;0.0;0.0;     ;J1048M36;2;109.2;159.2
166.78566669999998;-44.8187222;11 07 08.56;1.5;-44 49 07.40;1.7;2515.0;75.5;2516.0;75.5;64.8;47.5;12.1;0.0;0.0;     ;J1100M44;1;290.5;300.8
166.8975;-44.3495556;11 07 35.40;1.5;-44 20 58.40;1.7;1185.0;35.6;1204.0;36.2;64.8;49.3;160.3;0.0;0.0;     ;J1100M44;1;261.0;407.0
167.831;-40.51175;11 11 19.44;1.5;-40 30 42.30;1.7;1718.0;51.6;1747.0;52.4;70.0;55.0;137.8;0.0;0.0;     ;J1120M40;1;1244.6;342.1
169.6117083;-46.5708889;11 18 26.81;1.5;-46 34 15.20;1.7;3646.0;109.4;3939.0;118.2;60.6;50.0;111.1;0.0;0.0;     ;J1120M48;1;792.4;871.4
171.3464167;-37.3915278;11 25 23.14;1.5;-37 23 29.50;1.7;1508.0;45.3;1586.0;47.6;76.6;59.0;137.3;0.0;0.0;     ;J1124M36;1;614.9;147.3
172.91633330000002;-46.0072778;11 31 39.92;1.5;-46 00 26.20;1.7;1131.0;34.0;1257.0;37.7;60.6;51.6;64.3;0.0;0.0;     ;J1140M48;4;1178.5;1003.8
174.039375;-74.2635;11 36 09.45;1.5;-74 15 48.60;1.7;1113.0;33.4;1241.0;50.0;49.8;46.8;69.4;21.0;0.0; 75.6;J1200M76;2;1233.1;1209.5
174.8214167;-32.3771389;11 39 17.14;1.5;-32 22 37.70;1.7;2459.0;73.8;3179.0;114.3;101.3;55.6;165.3;62.5;0.0;143.4;J1142M32;1;892.5;308.3
176.3789167;-48.602888899999996;11 45 30.94;1.5;-48 36 10.40;1.7;4104.0;123.1;4105.0;123.2;60.6;46.0;8.9;0.0;0.0;     ;J1140M48;1;406.6;375.4
176.5855833;-31.954416700000003;11 46 20.54;1.5;-31 57 15.90;1.7;1849.0;55.6;2405.0;72.3;84.9;59.0;98.4;0.0;0.0;     ;J1142M32;1;403.6;381.1
176.61854169999998;-33.4779444;11 46 28.45;1.5;-33 28 40.60;1.7;2282.0;68.5;2347.0;70.5;84.9;59.5;137.1;0.0;0.0;     ;J1142M32;1;399.7;116.9
176.7774167;-41.187972200000004;11 47 06.58;1.5;-41 11 16.70;1.7;1532.0;46.0;1588.0;47.7;70.0;49.5;114.6;0.0;0.0;     ;J1140M40;1;267.3;201.3
178.23616669999998;-72.65686109999999;11 52 56.68;1.5;-72 39 24.70;1.7;1959.0;58.8;1998.0;60.0;47.9;45.4;23.8;0.0;0.0;     ;J1200M72;1;877.0;463.2
178.5905417;-35.076694399999994;11 54 21.73;1.5;-35 04 36.10;1.7;1308.0;39.4;1309.0;39.4;76.6;45.0;0.8;0.0;0.0;     ;J1200M36;1;1082.5;591.0
178.59125;-35.0922778;11 54 21.90;1.5;-35 05 32.20;1.7;7208.0;216.3;7476.0;224.3;76.6;47.1;100.6;0.0;0.0;     ;J1200M36;1;1082.2;588.0
179.7030833;-40.501361100000004;11 58 48.74;1.5;-40 30 04.90;1.7;1134.0;34.1;1185.0;35.6;70.0;54.3;131.1;0.0;0.0;     ;J1200M40;1;778.9;348.5
182.164125;-34.0520278;12 08 39.39;1.5;-34 03 07.30;1.7;1171.0;35.2;1180.0;35.5;85.0;45.4;85.5;0.0;0.0;     ;J1200M32;4;118.3;15.1
184.52491669999998;-46.0081111;12 18 05.98;1.5;-46 00 29.20;1.7;6552.0;196.6;7189.0;215.7;60.6;54.0;53.1;0.0;0.0;     ;J1220M48;2;813.0;1008.1
185.1647917;-37.6710833;12 20 39.55;1.5;-37 40 15.90;1.7;1527.0;45.9;1592.0;47.8;76.6;52.0;57.4;0.0;0.0;     ;J1218M36;1;532.8;93.2
185.9307917;-42.591944399999996;12 23 43.39;1.5;-42 35 31.00;1.7;3104.0;93.2;3105.0;93.2;64.8;45.0;179.4;0.0;0.0;     ;J1220M44;1;480.7;809.2
187.7642917;-45.46675;12 31 03.43;1.5;-45 28 00.30;1.7;1123.0;33.7;1243.0;37.3;64.8;51.9;68.5;0.0;0.0;     ;J1240M44;2;1218.0;151.8
188.0361667;-49.8265278;12 32 08.68;1.5;-49 49 35.50;1.7;1185.0;35.6;1226.0;36.8;60.6;46.9;100.9;0.0;0.0;     ;J1240M48;2;1119.5;75.9
188.9241667;-41.8882222;12 35 41.80;1.5;-41 53 17.60;1.7;2662.0;79.9;2784.0;83.6;70.0;53.3;128.4;0.0;0.0;     ;J1240M40;1;967.1;55.8
189.31283330000002;-50.77325;12 37 15.08;1.5;-50 46 23.70;1.7;3286.0;98.6;3287.0;98.6;57.1;45.5;78.8;0.0;0.0;     ;J1248M52;2;1260.9;864.3
189.6325417;-50.9233611;12 38 31.81;1.5;-50 55 24.10;1.7;1250.0;37.5;1250.0;37.5;57.1;48.5;54.7;0.0;0.0;     ;J1248M52;1;1193.3;827.4
190.7402083;-75.5609444;12 42 57.65;1.5;-75 33 39.40;1.7;1118.0;33.6;1195.0;35.9;49.6;45.0;177.6;0.0;0.0;     ;J1245M76;1;746.6;823.2
191.48975;-41.479472200000004;12 45 57.54;1.5;-41 28 46.10;1.7;2373.0;71.2;2373.0;71.2;70.0;45.0;179.0;0.0;0.0;     ;J1240M40;1;339.8;140.8
191.5479167;-44.7092778;12 46 11.50;1.5;-44 42 33.40;1.7;1891.0;56.8;1970.0;59.1;64.8;55.5;136.9;0.0;0.0;     ;J1240M44;1;345.0;326.4
192.104875;-85.21775;12 48 25.17;1.5;-85 13 03.90;1.7;1972.0;59.2;2073.0;62.2;47.3;45.2;78.4;0.0;0.0;     ;J1330M84;2;987.1;279.3
192.1175833;-45.996055600000005;12 48 28.22;1.5;-45 59 45.80;1.7;1150.0;34.5;1196.0;35.9;60.6;52.5;46.1;0.0;0.0;     ;J1240M48;4;223.7;1006.4
192.20491669999998;-41.3117222;12 48 49.18;1.5;-41 18 42.20;1.7;5109.0;153.3;5674.0;170.3;70.0;50.7;75.8;0.0;0.0;     ;J1240M40;2;163.1;173.8
192.4521667;-83.0711111;12 49 48.52;1.5;-83 04 16.00;1.7;1481.0;44.5;1481.0;44.5;45.2;45.1;160.9;0.0;0.0;     ;J1330M84;2;1099.7;969.0
192.5238333;-40.441527799999996;12 50 05.72;1.5;-40 26 29.50;1.7;2323.0;69.7;2324.0;69.8;70.0;49.5;121.1;0.0;0.0;     ;J1240M40;2;76.6;355.4
194.3349583;-33.5771667;12 57 20.39;1.5;-33 34 37.80;1.7;1654.0;49.7;1736.0;52.2;84.9;48.1;76.8;0.0;0.0;     ;J1254M32;1;477.3;100.0
194.34441669999998;-30.363388899999997;12 57 22.66;1.5;-30 21 48.20;1.7;1352.0;40.7;1777.0;53.5;84.9;74.5;135.4;0.0;0.0;     ;J1254M32;1;466.6;657.3
194.495375;-31.921333299999997;12 57 58.89;1.5;-31 55 16.80;1.7;1466.0;44.0;1466.0;44.0;84.9;47.9;172.4;0.0;0.0;     ;J1254M32;1;428.5;387.0
195.2512083;-32.4413889;13 01 00.29;1.5;-32 26 29.00;1.7;1309.0;39.4;1574.0;47.4;84.9;58.4;115.4;0.0;0.0;     ;J1254M32;1;221.4;295.4
195.55925;-47.3640833;13 02 14.22;1.5;-47 21 50.70;1.7;1188.0;35.7;1487.0;44.7;61.2;57.2;121.4;0.0;0.0;     ;J1300M48;1;581.0;678.3
195.61775;-44.7911111;13 02 28.26;1.5;-44 47 28.00;1.7;1220.0;36.6;1340.0;40.3;64.8;57.3;38.7;0.0;0.0;     ;J1300M44;1;561.5;309.8
195.79595830000002;-77.1996667;13 03 11.03;1.5;-77 11 58.80;1.7;1546.0;46.4;1554.0;46.7;46.5;45.2;154.2;0.0;0.0;     ;J1245M76;2;375.7;290.8
196.3642083;-49.4684167;13 05 27.41;1.5;-49 28 06.30;1.7;5386.0;161.6;5549.0;166.5;60.6;53.2;35.0;0.0;0.0;     ;J1300M48;1;414.9;165.0
197.1644583;-82.9936667;13 08 39.47;1.5;-82 59 37.20;1.7;1923.0;57.7;1924.0;57.7;45.3;45.0;3.2;0.0;0.0;     ;J1330M84;2;917.7;1018.7
198.71908330000002;-40.1815278;13 14 52.58;1.5;-40 10 53.50;1.7;1327.0;39.9;1330.0;40.0;70.0;50.7;163.6;0.0;0.0;     ;J1320M40;1;1025.3;414.3
199.0333333;-33.6505278;13 16 08.00;1.5;-33 39 01.90;1.7;1104.0;33.2;1104.0;33.2;84.9;46.5;4.4;0.0;0.0;     ;J1312M32;1;423.5;87.1
199.624625;-46.343;13 18 29.91;1.5;-46 20 34.80;1.7;3420.0;102.6;3426.0;102.8;60.6;46.5;68.4;0.0;0.0;     ;J1320M48;1;789.8;926.8
200.7671667;-44.875944399999995;13 23 04.12;1.5;-44 52 33.40;1.7;4102.0;123.1;4204.0;126.2;64.8;55.3;139.7;0.0;0.0;     ;J1320M44;1;527.1;290.3
201.3132083;-43.052111100000005;13 25 15.17;1.5;-43 03 07.60;1.7;16915.0;507.5;105805.0;3247.0;188.9;103.0;30.7;179.1;89.3; 33.0;J1320M44;1;391.0;703.7
201.3497917;-43.02725;13 25 23.95;1.5;-43 01 38.10;1.7;8736.0;262.1;50723.0;1578.9;240.3;72.7;59.7;234.9;40.3; 60.7;J1320M44;1;382.1;709.3
201.426;-42.9491667;13 25 42.24;1.5;-42 56 57.00;1.7;21895.0;656.9;71029.0;2319.0;117.0;82.1;69.1;107.0;52.5; 73.9;J1320M44;1;363.4;726.8
201.4385833;-42.9685556;13 25 45.26;1.5;-42 58 06.80;1.7;31705.0;951.2;104658.0;3390.4;135.4;75.6;28.0;121.2;56.1; 32.5;J1320M44;1;360.5;722.4
203.39866669999998;-33.0900278;13 33 35.68;1.5;-33 05 24.10;1.7;2484.0;74.6;2656.0;79.7;89.1;46.2;176.8;0.0;0.0;     ;J1330M32;1;458.6;184.4
205.37533330000002;-40.3909167;13 41 30.08;1.5;-40 23 27.30;1.7;1985.0;59.6;2066.0;62.0;70.0;56.4;136.5;0.0;0.0;     ;J1340M40;1;611.4;371.6
205.97658330000002;-37.564916700000005;13 43 54.38;1.5;-37 33 53.70;1.7;1735.0;52.1;1736.0;52.1;76.6;59.1;155.9;0.0;0.0;     ;J1348M36;1;970.5;113.2
206.2656667;-31.6702222;13 45 03.76;1.5;-31 40 12.80;1.7;1161.0;34.9;1357.0;49.5;98.6;46.0;176.4;50.7;0.0;169.0;J1348M32;1;909.5;430.8
206.464625;-30.2516667;13 45 51.51;1.5;-30 15 06.00;1.7;1953.0;58.7;2023.0;60.8;84.9;46.7;94.6;0.0;0.0;     ;J1348M32;1;856.3;677.0
206.5228333;-41.9347222;13 46 05.48;1.5;-41 56 05.00;1.7;1212.0;36.4;1514.0;45.5;71.0;55.5;82.9;0.0;0.0;     ;J1340M40;2;334.3;45.0
207.463125;-39.3807778;13 49 51.15;1.5;-39 22 50.80;1.7;2949.0;88.5;3190.0;95.7;70.0;56.2;132.3;0.0;0.0;     ;J1400M40;2;1346.5;578.4
209.7430417;-41.876861100000006;13 58 58.33;1.5;-41 52 36.70;1.7;3857.0;115.8;3952.0;118.6;70.0;55.5;43.6;0.0;0.0;     ;J1400M40;1;767.6;59.2
209.7598333;-41.88480560000001;13 59 02.36;1.5;-41 53 05.30;1.7;2936.0;88.1;2938.0;88.2;70.0;52.7;132.9;0.0;0.0;     ;J1400M40;1;763.5;57.5
210.3810417;-49.543;14 01 31.45;1.5;-49 32 34.80;1.7;2225.0;66.8;4105.0;138.5;90.2;58.0;132.3;74.1;0.0;123.1;J1400M48;1;624.1;148.6
210.6669583;-36.0642222;14 02 40.07;1.5;-36 03 51.20;1.7;2726.0;81.8;2823.0;84.7;76.6;63.9;148.2;0.0;0.0;     ;J1406M36;1;925.4;402.1
211.4184167;-36.9263889;14 05 40.42;1.5;-36 55 35.00;1.7;1714.0;51.5;1889.0;56.7;76.6;53.3;117.0;0.0;0.0;     ;J1406M36;1;726.3;236.8
212.6205;-42.781722200000004;14 10 28.92;1.5;-42 46 54.20;1.7;2002.0;60.1;2265.0;68.0;64.8;55.1;153.3;0.0;0.0;     ;J1420M44;2;1276.4;761.2
213.662625;-30.4285833;14 14 39.03;1.5;-30 25 42.90;1.7;1863.0;56.0;1897.0;57.0;84.9;55.8;131.4;0.0;0.0;     ;J1406M32;2;94.9;643.3
214.607125;-38.16925;14 18 25.71;1.5;-38 10 09.30;1.7;1372.0;41.2;1372.0;41.2;70.1;45.0;0.2;0.0;0.0;     ;J1420M40;1;806.1;838.9
215.007;-37.7268611;14 20 01.68;1.5;-37 43 36.70;1.7;1728.0;51.9;1729.0;51.9;76.6;45.0;0.6;0.0;0.0;     ;J1424M36;1;962.0;82.1
215.013875;-49.5955278;14 20 03.33;1.5;-49 35 43.90;1.7;2896.0;86.9;3967.0;119.1;61.8;61.7;60.9;0.0;0.0;     ;J1420M48;1;702.1;136.0
215.46695830000002;-39.397111100000004;14 21 52.07;1.5;-39 23 49.60;1.7;1151.0;34.6;1229.0;36.9;70.0;49.9;116.5;0.0;0.0;     ;J1420M40;1;586.9;580.6
215.480625;-31.074388899999995;14 21 55.35;1.5;-31 04 27.80;1.7;1146.0;34.5;1146.0;34.5;84.9;45.0;0.3;0.0;0.0;     ;J1424M32;1;850.6;534.3
215.70141669999998;-45.6380833;14 22 48.34;1.5;-45 38 17.10;1.7;1880.0;56.4;1919.0;57.6;65.3;46.2;170.5;0.0;0.0;     ;J1420M44;1;544.5;117.2
216.06175;-38.4406944;14 24 14.82;1.5;-38 26 26.50;1.7;1607.0;48.3;1789.0;53.7;70.0;61.4;140.8;0.0;0.0;     ;J1420M40;1;432.9;780.9
216.0749167;-38.4540278;14 24 17.98;1.5;-38 27 14.50;1.7;1545.0;46.4;1545.0;46.4;70.0;47.2;66.0;0.0;0.0;     ;J1420M40;1;429.5;778.1
216.1336667;-49.23075;14 24 32.08;1.5;-49 13 50.70;1.7;9679.0;290.4;9681.0;290.4;60.6;46.3;68.7;0.0;0.0;     ;J1420M48;1;462.7;223.4
216.18420830000002;-74.6995;14 24 44.21;1.5;-74 41 58.20;1.7;1145.0;34.4;1164.0;35.0;47.0;45.1;159.8;0.0;0.0;     ;J1415M76;1;494.8;1092.7
216.3711667;-29.999;14 25 29.08;1.5;-29 59 56.40;1.7;3450.0;103.6;3451.0;103.6;85.0;45.0;179.8;0.0;0.0;     ;J1424M32;1;599.8;720.9
216.4220417;-37.330138899999994;14 25 41.29;1.5;-37 19 48.50;1.7;1127.0;33.9;1163.0;34.9;76.6;47.1;77.8;0.0;0.0;     ;J1424M36;1;595.2;159.0
216.98425;-42.1051667;14 27 56.22;1.5;-42 06 18.60;1.7;3809.0;114.3;3862.0;115.9;64.8;46.2;75.9;0.0;0.0;     ;J1420M44;1;223.3;916.7
218.819875;-48.363361100000006;14 35 16.77;1.5;-48 21 48.10;1.7;2941.0;88.3;2942.0;88.3;60.6;45.0;0.9;0.0;0.0;     ;J1440M48;1;961.6;434.2
219.2520833;-45.3424722;14 37 00.50;1.5;-45 20 32.90;1.7;1551.0;46.6;1598.0;48.0;64.8;46.4;89.1;0.0;0.0;     ;J1440M44;1;877.0;184.3
221.32;-42.3959444;14 45 16.80;1.5;-42 23 45.40;1.7;1123.0;33.7;1126.0;33.8;64.8;46.7;10.1;0.0;0.0;     ;J1440M44;1;386.0;852.8
222.12104169999998;-47.02775;14 48 29.05;1.5;-47 01 39.90;1.7;2657.0;79.7;3388.0;101.7;62.8;57.7;43.2;0.0;0.0;     ;J1500M48;2;1347.0;751.5
222.76975;-75.16;14 51 04.74;1.5;-75 09 36.00;1.7;1759.0;52.8;1834.0;55.1;47.8;45.6;41.8;0.0;0.0;     ;J1500M76;1;891.9;947.3
223.197125;-34.350694399999995;14 52 47.31;1.5;-34 21 02.50;1.7;1398.0;42.0;1504.0;45.2;76.6;48.5;88.0;0.0;0.0;     ;J1500M36;1;1192.0;729.6
223.5097917;-34.0155;14 54 02.35;1.5;-34 00 55.80;1.7;1195.0;35.9;1332.0;40.1;76.6;54.3;62.6;0.0;0.0;     ;J1500M36;2;1109.2;794.9
223.61;-36.6508611;14 54 26.40;1.5;-36 39 03.10;1.7;1489.0;44.8;1797.0;68.8;82.6;54.9;165.0;44.3;0.0;127.0;J1500M36;1;1069.9;288.3
223.61366669999998;-37.793305600000004;14 54 27.28;1.5;-37 47 35.90;1.7;1609.0;48.3;2045.0;61.4;76.6;57.2;88.6;0.0;0.0;     ;J1500M36;1;1063.5;68.6
223.62579169999998;-36.6812222;14 54 30.19;1.5;-36 40 52.40;1.7;1761.0;52.9;2105.0;63.3;76.6;60.0;128.9;0.0;0.0;     ;J1500M36;1;1065.6;282.5
223.6370417;-40.2084167;14 54 32.89;1.5;-40 12 30.30;1.7;1195.0;35.9;1210.0;36.3;70.0;49.0;119.6;0.0;0.0;     ;J1500M40;1;1045.6;408.5
223.86379169999998;-71.8509722;14 55 27.31;1.5;-71 51 03.50;1.7;1783.0;53.5;1805.0;54.2;47.3;46.0;41.1;0.0;0.0;     ;J1500M72;1;820.8;715.4
223.9219167;-42.312138899999994;14 55 41.26;1.5;-42 18 43.70;1.7;1725.0;51.8;2053.0;61.6;64.8;57.7;59.8;0.0;0.0;     ;J1500M44;1;965.9;872.5
224.2760833;-36.0835278;14 57 06.26;1.5;-36 05 00.70;1.7;2073.0;62.2;2191.0;65.8;76.6;58.4;44.5;0.0;0.0;     ;J1500M36;1;896.5;398.5
224.6510833;-40.1353333;14 58 36.26;1.5;-40 08 07.20;1.7;1402.0;42.1;1402.0;42.1;70.0;45.0;0.2;0.0;0.0;     ;J1500M40;1;792.3;425.4
224.8154167;-36.930111100000005;14 59 15.70;1.5;-36 55 48.40;1.7;2115.0;63.5;2115.0;63.5;76.6;45.0;0.1;0.0;0.0;     ;J1500M36;1;753.3;236.1
225.3945;-39.3112222;15 01 34.68;1.5;-39 18 40.40;1.7;4009.0;120.3;4010.0;120.3;70.0;45.0;179.8;0.0;0.0;     ;J1500M40;1;605.1;598.8
225.70120830000002;-31.66575;15 02 48.29;1.5;-31 39 56.70;1.7;1302.0;39.1;1302.0;39.1;84.9;47.5;173.1;0.0;0.0;     ;J1500M32;1;509.7;431.6
225.7368333;-38.0553889;15 02 56.84;1.5;-38 03 19.40;1.7;1291.0;38.8;1429.0;42.9;70.0;52.7;64.4;0.0;0.0;     ;J1500M40;2;515.1;862.5
227.62225;-43.414;15 10 29.34;1.5;-43 24 50.40;1.7;1340.0;40.2;1374.0;41.3;64.8;54.0;137.7;0.0;0.0;     ;J1520M44;2;1270.1;617.6
227.9820833;-30.7509167;15 11 55.70;1.5;-30 45 03.30;1.7;1622.0;48.7;1793.0;53.9;84.9;50.9;105.5;0.0;0.0;     ;J1518M32;1;1131.9;589.0
230.810375;-82.05086109999999;15 23 14.49;1.5;-82 03 03.10;1.7;1141.0;34.3;1219.0;36.6;48.2;45.2;116.0;0.0;0.0;     ;J1500M84;2;442.5;1322.1
232.55941669999999;-42.531555600000004;15 30 14.26;1.5;-42 31 53.60;1.7;5686.0;170.6;7505.0;225.2;64.8;59.8;96.9;0.0;0.0;     ;J1520M44;2;88.0;817.2
233.4721667;-33.6198611;15 33 53.32;1.5;-33 37 11.50;1.7;1617.0;48.6;1756.0;52.7;84.9;51.0;70.8;0.0;0.0;     ;J1536M32;1;848.9;92.9
236.0115833;-33.8746667;15 44 02.78;1.5;-33 52 28.80;1.7;2033.0;61.0;2570.0;77.2;84.9;74.4;38.8;0.0;0.0;     ;J1554M32;2;1380.9;44.8
236.526125;-73.1805833;15 46 06.27;1.5;-73 10 50.10;1.7;2156.0;64.7;2541.0;99.9;52.5;47.8;88.1;27.0;0.0; 88.7;J1545M72;1;678.9;302.5
238.8364583;-79.6773333;15 55 20.75;1.5;-79 40 38.40;1.7;4904.0;147.1;6010.0;224.1;55.8;45.1;26.7;32.3;0.0; 28.1;J1600M80;1;773.2;797.3
239.2406667;-79.23438890000001;15 56 57.76;1.5;-79 14 03.80;1.7;6143.0;184.3;6187.0;185.6;45.7;45.4;106.1;0.0;0.0;     ;J1600M80;1;751.4;940.4
244.4555;-77.2879444;16 17 49.32;1.5;-77 17 16.60;1.7;4051.0;121.5;4152.0;124.6;47.0;45.6;144.4;0.0;0.0;     ;J1630M76;2;924.2;269.6
244.8895;-84.3054167;16 19 33.48;1.5;-84 18 19.50;1.7;2346.0;70.4;2347.0;70.4;45.3;45.0;70.3;0.0;0.0;     ;J1500M84;2;72.0;491.8
246.4807083;-31.135472200000002;16 25 55.37;1.5;-31 08 07.70;1.7;2503.0;75.1;2565.0;77.0;84.9;46.7;80.2;0.0;0.0;     ;J1630M32;1;990.5;523.2
248.7620833;-62.8335556;16 35 02.90;1.5;-62 50 00.80;1.7;1301.0;39.1;1352.0;40.6;50.1;48.4;53.0;0.0;0.0;     ;J1630M64;1;516.4;975.4
249.53775;-68.2309167;16 38 09.06;1.5;-68 13 51.30;1.7;2010.0;60.3;2041.0;61.2;49.0;45.3;18.1;0.0;0.0;     ;J1648M68;1;1003.8;578.4
251.03454169999998;-77.2332222;16 44 08.29;1.5;-77 13 59.60;1.7;1124.0;33.8;2910.0;100.0;82.6;65.4;165.9;68.4;47.4;165.2;J1630M76;2;449.5;285.0
253.805125;-27.106;16 55 13.23;1.5;-27 06 21.60;1.7;1134.0;34.2;1150.0;34.7;95.9;75.2;153.3;0.0;0.0;     ;J1648M28;2;179.2;467.5
254.2358333;-74.043;16 56 56.60;1.5;-74 02 34.80;1.7;1493.0;44.8;1609.0;48.3;50.6;45.4;167.4;0.0;0.0;     ;J1715M72;3;1110.7;19.8
254.39266669999998;-78.9796944;16 57 34.24;1.5;-78 58 46.90;1.7;1192.0;35.8;1192.0;35.8;45.7;45.0;1.5;0.0;0.0;     ;J1700M80;1;743.0;1022.6
255.67254169999998;-77.6994722;17 02 41.41;1.5;-77 41 58.10;1.7;2691.0;80.8;2912.0;87.4;48.6;46.5;61.0;0.0;0.0;     ;J1715M76;2;919.5;139.0
257.6235417;-60.68825;17 10 29.65;1.5;-60 41 17.70;1.7;2540.0;76.2;2653.0;79.6;52.0;48.7;56.2;0.0;0.0;     ;J1700M60;1;284.8;408.7
260.9210833;-65.01002779999999;17 23 41.06;1.5;-65 00 36.10;1.7;3574.0;107.2;3699.0;111.0;50.1;47.8;137.7;0.0;0.0;     ;J1730M64;1;923.3;334.5
261.3289583;-80.0755833;17 25 18.95;1.5;-80 04 32.10;1.7;1462.0;43.9;1462.0;43.9;45.7;45.0;15.3;0.0;0.0;     ;J1800M80;2;1192.2;633.8
261.3854167;-80.08288890000001;17 25 32.50;1.5;-80 04 58.40;1.7;1483.0;44.5;1649.0;65.8;49.8;45.9;141.0;20.6;0.0;136.2;J1800M80;2;1188.7;632.0
261.7070833;-55.493888899999995;17 26 49.70;1.5;-55 29 38.00;1.7;4784.0;143.5;4931.0;148.0;54.3;50.4;131.3;0.0;0.0;     ;J1712M56;2;18.2;707.0
261.740875;-64.4646389;17 26 57.81;1.5;-64 27 52.70;1.7;3978.0;119.4;4135.0;124.1;50.1;47.3;39.2;0.0;0.0;     ;J1730M64;1;812.1;496.8
262.5912083;-78.1931667;17 30 21.89;1.5;-78 11 35.40;1.7;1263.0;37.9;1264.0;38.0;45.7;45.0;104.6;0.0;0.0;     ;J1800M80;2;1199.7;1245.2
263.4748333;-83.716;17 33 53.96;1.5;-83 42 57.60;1.7;1489.0;44.7;1661.0;65.5;50.3;45.1;53.0;22.4;0.0; 54.2;J1800M84;2;938.2;780.3
263.9035;-56.772611100000006;17 35 36.84;1.5;-56 46 21.40;1.7;1292.0;38.8;1292.0;38.8;54.3;45.0;90.1;0.0;0.0;     ;J1736M56;1;722.3;375.4
264.346;-56.60577779999999;17 37 23.04;1.5;-56 36 20.80;1.7;2567.0;77.1;3309.0;125.4;62.7;51.0;46.9;40.2;0.0; 63.7;J1736M56;1;642.7;420.5
264.4285417;-56.546111100000005;17 37 42.85;1.5;-56 32 46.00;1.7;7542.0;226.3;7543.0;226.3;54.3;45.0;89.7;0.0;0.0;     ;J1736M56;1;627.7;436.6
265.378375;-57.6208889;17 41 30.81;1.5;-57 37 15.20;1.7;2672.0;80.2;2956.0;88.7;55.1;49.3;107.0;0.0;0.0;     ;J1736M56;1;463.4;143.3
265.496;-60.915361100000005;17 41 59.04;1.5;-60 54 55.30;1.7;1751.0;52.6;2289.0;83.0;65.9;46.7;155.9;42.3;0.0;147.7;J1730M60;1;228.6;342.2
265.5201667;-60.9331667;17 42 04.84;1.5;-60 55 59.40;1.7;1216.0;36.5;1875.0;64.2;76.2;47.5;160.2;56.6;0.0;156.2;J1730M60;1;225.0;337.0
265.5761667;-59.0290556;17 42 18.28;1.5;-59 01 44.60;1.7;1274.0;38.2;1308.0;39.3;52.0;48.9;134.1;0.0;0.0;     ;J1730M60;1;187.2;875.8
266.106125;-51.7453056;17 44 25.47;1.5;-51 44 43.10;1.7;7300.0;219.0;8151.0;244.5;57.1;50.4;95.9;0.0;0.0;     ;J1736M52;1;278.3;616.8
266.3104583;-53.2701389;17 45 14.51;1.5;-53 16 12.50;1.7;1399.0;42.0;2076.0;71.3;81.6;47.6;157.2;60.4;0.0;150.2;J1736M52;1;252.9;222.8
267.78625;-64.985;17 51 08.70;1.5;-64 59 06.00;1.7;1254.0;37.7;1757.0;62.7;66.3;47.8;31.9;45.2;0.0; 38.3;J1800M64;1;1011.3;339.5
269.7760833;-59.78302779999999;17 59 06.26;1.5;-59 46 58.90;1.7;5347.0;160.4;5826.0;174.8;55.1;46.6;24.3;0.0;0.0;     ;J1800M60;1;741.9;672.4
270.321125;-66.3827778;18 01 17.07;1.5;-66 22 58.00;1.7;3007.0;90.2;3007.0;90.2;48.5;45.1;169.8;0.0;0.0;     ;J1800M68;1;662.9;1144.6
270.807125;-43.5206111;18 03 13.71;1.5;-43 31 14.20;1.7;1743.0;52.3;1801.0;54.1;64.8;47.9;70.1;0.0;0.0;     ;J1800M44;1;513.5;598.3
271.809375;-70.21125;18 07 14.25;1.5;-70 12 40.50;1.7;1123.0;33.7;1278.0;38.4;49.6;48.9;119.0;0.0;0.0;     ;J1800M72;1;504.6;1223.8
271.8803333;-50.890305600000005;18 07 31.28;1.5;-50 53 25.10;1.7;1453.0;43.6;1453.0;43.6;57.1;45.0;88.5;0.0;0.0;     ;J1800M52;1;316.9;838.2
272.4909583;-45.8776111;18 09 57.83;1.5;-45 52 39.40;1.7;1271.0;38.2;1530.0;46.0;62.9;54.5;145.3;0.0;0.0;     ;J1820M48;4;1276.5;1033.2
274.5290833;-51.9691389;18 18 06.98;1.5;-51 58 08.90;1.7;5917.0;177.5;5918.0;177.6;57.1;45.0;91.2;0.0;0.0;     ;J1824M52;1;1001.5;561.6
274.896;-63.7635;18 19 35.04;1.5;-63 45 48.60;1.7;19504.0;585.1;19886.0;596.6;50.1;47.7;53.2;0.0;0.0;     ;J1830M64;1;1081.6;696.6
275.147;-39.1581389;18 20 35.28;1.5;-39 09 29.30;1.7;4036.0;121.1;4531.0;136.0;70.0;60.0;134.7;0.0;0.0;     ;J1820M40;1;667.7;631.1
275.567125;-63.9886389;18 22 16.11;1.5;-63 59 19.10;1.7;3825.0;114.8;5124.0;187.8;62.4;48.6;56.1;41.7;0.0; 63.4;J1830M64;1;982.4;633.6
275.5932083;-55.7011667;18 22 22.37;1.5;-55 42 04.20;1.7;1414.0;42.5;1726.0;66.5;61.0;49.8;141.2;36.0;0.0;120.8;J1824M56;1;780.0;665.9
275.6643333;-65.1656944;18 22 39.44;1.5;-65 09 56.50;1.7;1231.0;37.0;1722.0;62.0;65.0;48.7;126.6;45.4;0.0;120.1;J1830M64;1;957.3;287.9
276.137375;-67.28477779999999;18 24 32.97;1.5;-67 17 05.20;1.7;1434.0;43.0;1693.0;65.6;55.0;46.9;167.7;26.4;0.0;160.4;J1836M68;1;1066.6;863.3
276.15325;-67.2963611;18 24 36.78;1.5;-67 17 46.90;1.7;1536.0;46.1;1848.0;72.2;54.2;48.5;87.7;30.1;0.0; 88.5;J1836M68;1;1064.4;859.8
276.4470417;-58.2936667;18 25 47.29;1.5;-58 17 37.20;1.7;1443.0;43.3;1511.0;45.4;52.0;48.4;117.8;0.0;0.0;     ;J1830M60;1;886.1;1093.3
276.6754583;-58.5071667;18 26 42.11;1.5;-58 30 25.80;1.7;1119.0;33.6;1119.0;33.6;52.0;45.0;0.7;0.0;0.0;     ;J1830M60;1;846.0;1033.3
277.744875;-36.0416667;18 30 58.77;1.5;-36 02 30.00;1.7;12878.0;386.4;12881.0;386.4;76.6;45.0;0.7;0.0;0.0;     ;J1836M36;1;1037.1;405.7
278.1349583;-34.3773889;18 32 32.39;1.5;-34 22 38.60;1.7;1988.0;59.7;2247.0;67.5;76.6;56.9;124.1;0.0;0.0;     ;J1836M36;1;938.7;726.5
278.48420830000003;-39.6737222;18 33 56.21;1.5;-39 40 25.40;1.7;1510.0;45.4;1510.0;45.4;70.0;45.3;4.2;0.0;0.0;     ;J1840M40;1;1086.8;520.6
278.903875;-71.83313890000001;18 35 36.93;1.5;-71 49 59.30;1.7;3906.0;117.2;4070.0;122.1;48.4;45.9;146.8;0.0;0.0;     ;J1845M72;1;944.3;717.5
279.2470833;-66.81888889999999;18 36 59.30;1.5;-66 49 08.00;1.7;3091.0;92.7;3406.0;102.2;49.7;48.4;69.5;0.0;0.0;     ;J1836M68;1;673.2;1012.3
279.3685417;-71.1455278;18 37 28.45;1.5;-71 08 43.90;1.7;1284.0;38.5;1295.0;38.9;47.5;45.2;19.3;0.0;0.0;     ;J1845M72;1;904.0;933.0
279.4165417;-43.5949167;18 37 39.97;1.5;-43 35 41.70;1.7;1396.0;41.9;1396.0;41.9;64.8;53.2;138.3;0.0;0.0;     ;J1840M44;1;843.3;581.8
279.6653333;-35.4604167;18 38 39.68;1.5;-35 27 37.50;1.7;1250.0;37.5;1251.0;37.6;76.6;45.2;177.4;0.0;0.0;     ;J1836M36;1;527.6;518.4
280.813625;-48.6095833;18 43 15.27;1.5;-48 36 34.50;1.7;3066.0;92.0;5191.0;187.3;75.5;61.1;94.2;60.6;0.0; 92.3;J1840M48;1;529.0;375.1
281.1174583;-40.3654722;18 44 28.19;1.5;-40 21 55.70;1.7;2867.0;86.1;4571.0;172.8;77.8;67.4;119.6;61.4;0.0; 99.8;J1840M40;1;426.4;376.0
281.9385833;-60.6791944;18 47 45.26;1.5;-60 40 45.10;1.7;1674.0;50.2;1873.0;72.6;58.1;45.1;177.8;26.0;0.0;175.6;J1900M60;1;1195.4;408.7
282.24404169999997;-50.08325;18 48 58.57;1.5;-50 04 59.70;1.7;1783.0;53.5;1885.0;56.6;57.3;47.4;90.6;0.0;0.0;     ;J1848M52;2;653.7;1050.2
282.2855833;-68.96472220000001;18 49 08.54;1.5;-68 57 53.00;1.7;1251.0;37.6;1350.0;40.5;49.0;48.1;65.2;0.0;0.0;     ;J1836M68;2;319.2;351.8
282.6845417;-63.075;18 50 44.29;1.5;-63 04 30.00;1.7;1201.0;36.1;1242.0;37.3;50.1;47.9;124.6;0.0;0.0;     ;J1900M64;1;1048.0;900.5
283.32433330000003;-36.478333299999996;18 53 17.84;1.5;-36 28 42.00;1.7;1309.0;39.4;1564.0;47.0;76.6;64.5;38.4;0.0;0.0;     ;J1854M36;1;751.2;323.0
284.2935833;-30.329194399999995;18 57 10.46;1.5;-30 19 45.10;1.7;2389.0;71.7;2580.0;77.5;84.9;50.7;69.6;0.0;0.0;     ;J1854M32;1;480.8;663.3
284.6736667;-63.218388899999994;18 58 41.68;1.5;-63 13 06.20;1.7;1639.0;49.2;1639.0;49.2;50.1;45.0;90.3;0.0;0.0;     ;J1900M64;1;753.1;863.8
284.9908333;-66.2507778;18 59 57.80;1.5;-66 15 02.80;1.7;2499.0;75.0;2542.0;76.3;48.5;46.4;38.0;0.0;0.0;     ;J1912M68;1;1101.4;1175.8
286.35920830000003;-73.834;19 05 26.21;1.5;-73 50 02.40;1.7;1782.0;53.5;1882.0;56.5;49.1;45.9;41.6;0.0;0.0;     ;J1930M72;4;1263.5;72.2
288.1660417;-80.1685556;19 12 39.85;1.5;-80 10 06.80;1.7;1142.0;34.3;1227.0;36.8;48.3;45.7;80.3;0.0;0.0;     ;J1900M80;2;528.2;634.9
288.6877083;-55.9885;19 14 45.05;1.5;-55 59 18.60;1.7;1353.0;40.6;1354.0;40.6;54.3;46.5;18.7;0.0;0.0;     ;J1912M56;1;579.1;587.6
288.9768333;-74.66025;19 15 54.44;1.5;-74 39 36.90;1.7;1130.0;33.9;1142.0;34.3;46.4;45.5;146.5;0.0;0.0;     ;J1930M76;2;1009.8;1100.6
289.41479169999997;-45.507805600000005;19 17 39.55;1.5;-45 30 28.10;1.7;1110.0;33.4;1428.0;42.9;64.8;58.4;79.7;0.0;0.0;     ;J1920M44;1;839.2;146.9
289.8639167;-29.964194399999997;19 19 27.34;1.5;-29 57 51.10;1.7;1411.0;42.5;2087.0;62.8;84.9;79.5;138.5;0.0;0.0;     ;J1912M32;1;176.6;724.6
289.9580833;-87.4463889;19 19 49.94;1.5;-87 26 47.00;1.7;1128.0;33.9;1151.0;34.6;45.9;45.0;54.0;0.0;0.0;     ;J2100M88;2;1058.6;806.6
290.46925;-54.531444400000005;19 21 52.62;1.5;-54 31 53.20;1.7;1119.0;33.6;1367.0;52.8;60.7;50.1;137.3;36.4;0.0;117.4;J1912M56;2;236.2;976.5
291.3816667;-42.9605278;19 25 31.60;1.5;-42 57 37.90;1.7;1151.0;34.6;1242.0;37.3;64.8;53.6;150.0;0.0;0.0;     ;J1920M44;1;374.1;724.4
291.617;-32.711833299999995;19 26 28.08;1.5;-32 42 42.60;1.7;1540.0;46.3;1881.0;56.5;84.9;55.6;100.5;0.0;0.0;     ;J1930M32;1;948.1;250.0
291.7295;-39.29519439999999;19 26 55.08;1.5;-39 17 42.70;1.7;1536.0;46.1;1569.0;47.1;70.0;58.3;30.4;0.0;0.0;     ;J1920M40;1;267.0;599.5
291.88104169999997;-62.654694400000004;19 27 31.45;1.5;-62 39 16.90;1.7;1314.0;39.5;1645.0;65.6;54.0;52.2;95.5;29.9;0.0; 91.6;J1930M64;1;798.0;1029.3
292.28525;-37.5471111;19 29 08.46;1.5;-37 32 49.60;1.7;1499.0;45.0;1546.0;46.5;76.6;48.0;108.3;0.0;0.0;     ;J1930M36;1;760.7;117.4
292.9081667;-33.9101111;19 31 37.96;1.5;-33 54 36.40;1.7;1405.0;42.2;1658.0;61.6;94.9;50.9;9.0;47.7;0.0; 32.6;J1930M32;2;594.1;42.7
292.94933330000003;-36.1162778;19 31 47.84;1.5;-36 06 58.60;1.7;1195.0;35.9;1265.0;38.0;76.6;62.5;142.9;0.0;0.0;     ;J1930M36;1;586.2;392.5
293.3378333;-39.6682778;19 33 21.08;1.5;-39 40 05.80;1.7;1754.0;52.7;2271.0;68.2;72.0;57.8;111.4;0.0;0.0;     ;J1940M40;1;1123.7;521.3
293.988125;-46.3453056;19 35 57.15;1.5;-46 20 43.10;1.7;17711.0;531.3;19756.0;592.7;60.6;50.9;104.9;0.0;0.0;     ;J1940M48;1;933.6;925.3
294.108125;-60.2343889;19 36 25.95;1.5;-60 14 03.80;1.7;1882.0;56.5;2063.0;61.9;52.0;50.1;109.5;0.0;0.0;     ;J1930M60;1;443.8;541.8
294.3845;-58.640472200000005;19 37 32.28;1.5;-58 38 25.70;1.7;4625.0;138.8;4644.0;139.3;52.0;46.2;63.5;0.0;0.0;     ;J1930M60;1;384.1;992.3
294.85591669999997;-63.7121389;19 39 25.42;1.5;-63 42 43.70;1.7;13376.0;401.3;14875.0;592.2;53.9;46.7;145.7;25.1;0.0;125.9;J1930M64;1;363.6;713.0
295.1047083;-69.1321944;19 40 25.13;1.5;-69 07 55.90;1.7;1651.0;49.6;1755.0;52.7;49.0;47.5;127.3;0.0;0.0;     ;J1948M68;1;925.9;307.3
295.340125;-62.188888899999995;19 41 21.63;1.5;-62 11 20.00;1.7;1831.0;55.0;1831.0;55.0;50.1;45.6;160.9;0.0;0.0;     ;J1930M64;1;271.5;1158.0
296.55645830000003;-31.615;19 46 13.55;1.5;-31 36 54.00;1.7;1331.0;40.0;1332.0;40.0;84.9;45.0;0.2;0.0;0.0;     ;J1948M32;1;828.6;440.6
298.43983330000003;-41.6331389;19 53 45.56;1.5;-41 37 59.30;1.7;1498.0;45.0;1600.0;48.0;70.0;48.5;81.5;0.0;0.0;     ;J2000M40;1;1086.6;108.3
299.3132917;-42.3721944;19 57 15.19;1.5;-42 22 19.90;1.7;5231.0;156.9;5233.0;157.0;64.8;45.0;0.5;0.0;0.0;     ;J2000M44;1;871.0;859.5
299.498625;-38.7514722;19 57 59.67;1.5;-38 45 05.30;1.7;1267.0;38.1;1414.0;42.5;72.9;49.3;171.1;0.0;0.0;     ;J2000M40;1;833.0;716.4
299.5685;-55.15752779999999;19 58 16.44;1.5;-55 09 27.10;1.7;3210.0;96.3;3886.0;144.1;65.2;45.6;11.6;36.9;0.0; 19.3;J2000M56;1;785.7;813.4
299.7652917;-35.575694399999996;19 59 03.67;1.5;-35 34 32.50;1.7;2715.0;81.5;3139.0;94.2;81.3;49.0;93.4;0.0;0.0;     ;J2006M36;1;1166.7;494.2
301.64425;-50.1947778;20 06 34.62;1.5;-50 11 41.20;1.7;2083.0;62.5;2084.0;62.6;57.1;46.4;164.1;0.0;0.0;     ;J2000M52;1;360.6;1018.4
301.9775;-47.8471944;20 07 54.60;1.5;-47 50 49.90;1.7;1555.0;46.7;1582.0;47.5;60.6;47.8;117.2;0.0;0.0;     ;J2020M48;2;1368.5;551.5
302.3545833;-48.831638899999994;20 09 25.10;1.5;-48 49 53.90;1.7;1282.0;38.5;1299.0;39.0;60.6;48.4;162.2;0.0;0.0;     ;J2020M48;2;1274.7;314.5
303.3370417;-52.3025278;20 13 20.89;1.5;-52 18 09.10;1.7;2193.0;65.8;2493.0;74.8;57.1;54.2;129.4;0.0;0.0;     ;J2024M52;2;1237.7;470.3
304.1242083;-30.588388899999998;20 16 29.81;1.5;-30 35 18.20;1.7;1257.0;37.8;1389.0;41.8;87.0;49.5;106.7;0.0;0.0;     ;J2024M32;1;1233.4;616.4
304.3018333;-45.2803889;20 17 12.44;1.5;-45 16 49.40;1.7;1143.0;34.3;1197.0;36.0;64.8;47.3;82.9;0.0;0.0;     ;J2020M44;1;865.8;198.5
305.1099583;-43.7331667;20 20 26.39;1.5;-43 43 59.40;1.7;1126.0;33.8;1126.0;33.8;64.8;45.0;179.9;0.0;0.0;     ;J2020M44;1;679.0;550.7
306.0867083;-57.3938056;20 24 20.81;1.5;-57 23 37.70;1.7;3270.0;98.1;5119.0;172.7;82.1;47.1;23.2;63.0;0.0; 28.1;J2024M56;1;689.7;206.9
306.1475;-32.8932778;20 24 35.40;1.5;-32 53 35.80;1.7;1153.0;34.7;1201.0;36.1;84.9;67.5;147.9;0.0;0.0;     ;J2024M32;1;664.5;219.1
306.5218333;-58.1008611;20 26 05.24;1.5;-58 06 03.10;1.7;1346.0;40.4;1389.0;41.7;52.0;47.2;112.4;0.0;0.0;     ;J2030M60;2;874.2;1148.1
306.5297917;-48.3341111;20 26 07.15;1.5;-48 20 02.80;1.7;1490.0;44.7;1490.0;44.7;60.6;53.2;34.8;0.0;0.0;     ;J2020M48;1;372.2;440.3
308.434375;-73.0728333;20 33 44.25;1.5;-73 04 22.20;1.7;1249.0;37.5;1404.0;42.2;49.9;48.0;88.9;0.0;0.0;     ;J2015M72;2;259.1;319.6
308.5256667;-41.9633611;20 34 06.16;1.5;-41 57 48.10;1.7;1290.0;38.7;1290.0;38.7;64.8;55.6;36.4;0.0;0.0;     ;J2040M44;2;1063.7;950.7
308.68475;-35.8145;20 34 44.34;1.5;-35 48 52.20;1.7;2398.0;72.0;2609.0;78.3;76.6;58.8;44.6;0.0;0.0;     ;J2042M36;1;1186.7;448.0
308.9477917;-34.9010278;20 35 47.47;1.5;-34 54 03.70;1.7;8004.0;240.1;8920.0;339.0;82.9;48.5;11.0;39.2;0.0; 39.1;J2042M36;1;1121.6;624.4
311.232;-54.9335556;20 44 55.68;1.5;-54 56 00.80;1.7;1370.0;41.1;1563.0;46.9;54.3;51.3;90.8;0.0;0.0;     ;J2048M56;1;849.4;873.7
311.3237917;-35.9366111;20 45 17.71;1.5;-35 56 11.80;1.7;1368.0;41.1;1398.0;42.0;76.6;60.5;152.6;0.0;0.0;     ;J2042M36;1;486.7;426.7
311.335125;-60.317138899999996;20 45 20.43;1.5;-60 19 01.70;1.7;3525.0;105.8;4407.0;166.0;61.0;48.5;42.7;37.6;0.0; 56.2;J2100M60;2;1298.5;506.9
312.0507083;-66.82225;20 48 12.17;1.5;-66 49 20.10;1.7;1154.0;34.6;1154.0;34.6;48.5;45.0;92.7;0.0;0.0;     ;J2100M68;1;1084.7;1002.9
312.12525;-58.705972200000005;20 48 30.06;1.5;-58 42 21.50;1.7;1337.0;40.2;1337.0;40.2;52.0;48.3;138.8;0.0;0.0;     ;J2100M60;1;1193.5;968.5
312.1525;-57.846861100000005;20 48 36.60;1.5;-57 50 48.70;1.7;1121.0;33.7;1121.0;33.7;54.3;46.0;164.5;0.0;0.0;     ;J2048M56;1;678.4;84.0
313.0087083;-57.06852779999999;20 52 02.09;1.5;-57 04 06.70;1.7;1930.0;57.9;1975.0;59.3;54.3;46.6;73.6;0.0;0.0;     ;J2048M56;1;525.5;294.0
313.0734583;-36.6753611;20 52 17.63;1.5;-36 40 31.30;1.7;2622.0;78.7;2714.0;81.5;76.6;52.4;125.8;0.0;0.0;     ;J2100M36;2;1210.6;282.1
314.0675833;-47.246694399999996;20 56 16.22;1.5;-47 14 48.10;1.7;2109.0;63.3;2138.0;64.2;60.6;49.4;55.5;0.0;0.0;     ;J2100M48;1;912.1;706.3
315.495875;-42.321388899999995;21 01 59.01;1.5;-42 19 17.00;1.7;1295.0;38.9;1295.0;38.9;64.8;45.0;89.4;0.0;0.0;     ;J2100M44;1;585.0;871.3
315.8575;-63.947;21 03 25.80;1.5;-63 56 49.20;1.7;1508.0;45.3;1509.0;45.3;50.1;47.5;138.5;0.0;0.0;     ;J2100M64;1;581.8;648.8
316.25525;-48.8132778;21 05 01.26;1.5;-48 48 47.80;1.7;1326.0;39.8;1516.0;45.5;60.6;56.0;52.9;0.0;0.0;     ;J2100M48;1;434.5;324.6
316.51225;-71.3715833;21 06 02.94;1.5;-71 22 17.70;1.7;1206.0;36.2;1206.0;36.2;47.3;45.0;88.7;0.0;0.0;     ;J2100M72;1;546.9;863.7
316.7490833;-65.7954722;21 06 59.78;1.5;-65 47 43.70;1.7;1553.0;46.6;1555.0;46.7;50.1;45.1;93.9;0.0;0.0;     ;J2100M64;1;470.3;103.1
317.2112917;-48.772611100000006;21 08 50.71;1.5;-48 46 21.40;1.7;1459.0;43.8;1459.0;43.8;60.6;50.0;132.8;0.0;0.0;     ;J2120M48;2;1306.3;328.0
317.388;-41.1725556;21 09 33.12;1.5;-41 10 21.20;1.7;1744.0;52.4;1823.0;54.7;70.0;47.4;82.9;0.0;0.0;     ;J2120M40;2;1348.2;201.3
317.710125;-33.8529167;21 10 50.43;1.5;-33 51 10.50;1.7;1545.0;46.4;1616.0;48.6;84.9;66.1;35.2;0.0;0.0;     ;J2118M32;1;1191.4;50.6
318.5140417;-35.0441667;21 14 03.37;1.5;-35 02 39.00;1.7;1909.0;57.3;1948.0;58.5;76.6;60.4;153.8;0.0;0.0;     ;J2118M36;1;969.2;598.1
319.0915;-52.78825;21 16 21.96;1.5;-52 47 17.70;1.7;1240.0;37.2;1270.0;38.1;57.1;49.8;127.3;0.0;0.0;     ;J2112M52;1;489.0;351.4
319.544375;-30.321111100000003;21 18 10.65;1.5;-30 19 16.00;1.7;3647.0;109.5;3888.0;116.7;84.9;51.6;61.6;0.0;0.0;     ;J2118M32;1;692.5;665.1
320.3670833;-53.6243889;21 21 28.10;1.5;-53 37 27.80;1.7;1200.0;36.0;1221.0;36.7;57.1;47.0;109.5;0.0;0.0;     ;J2112M52;1;245.7;131.2
320.4787917;-64.0751111;21 21 54.91;1.5;-64 04 30.40;1.7;2010.0;60.3;2076.0;62.3;50.1;48.1;55.6;0.0;0.0;     ;J2130M64;1;994.1;607.8
321.5136667;-39.67825;21 26 03.28;1.5;-39 40 41.70;1.7;1243.0;37.3;1244.0;37.4;70.0;46.7;7.8;0.0;0.0;     ;J2120M40;1;323.8;519.6
321.5619167;-55.3536389;21 26 14.86;1.5;-55 21 13.10;1.7;2427.0;72.8;2530.0;75.9;54.3;48.8;144.0;0.0;0.0;     ;J2112M56;2;42.7;746.2
321.628125;-46.096388899999994;21 26 30.75;1.5;-46 05 47.00;1.7;1396.0;41.9;1520.0;45.6;64.8;49.8;106.1;0.0;0.0;     ;J2120M44;2;335.6;11.0
322.8460417;-31.354;21 31 23.05;1.5;-31 21 14.40;1.7;2166.0;65.0;2210.0;66.4;84.9;57.5;135.8;0.0;0.0;     ;J2136M32;1;1027.5;485.1
324.5041667;-46.778;21 38 01.00;1.5;-46 46 40.80;1.7;1716.0;51.5;1919.0;57.6;60.6;52.8;63.7;0.0;0.0;     ;J2140M48;1;816.1;820.9
324.8313333;-42.21388889999999;21 39 19.52;1.5;-42 12 50.00;1.7;1307.0;39.3;1372.0;41.2;64.8;51.1;58.1;0.0;0.0;     ;J2140M44;1;745.9;896.0
325.8877083;-43.2078611;21 43 33.05;1.5;-43 12 28.30;1.7;2877.0;86.3;3071.0;92.2;64.8;57.3;140.3;0.0;0.0;     ;J2140M44;1;493.3;669.3
325.89070830000003;-43.2235278;21 43 33.77;1.5;-43 13 24.70;1.7;1788.0;53.7;1896.0;56.9;64.8;55.8;144.5;0.0;0.0;     ;J2140M44;1;492.6;665.7
326.4260417;-34.693;21 45 42.25;1.5;-34 41 34.80;1.7;1298.0;39.0;1360.0;40.9;79.6;46.0;173.4;0.0;0.0;     ;J2136M36;2;52.4;661.6
326.8064167;-75.6035833;21 47 13.54;1.5;-75 36 12.90;1.7;1851.0;55.6;1952.0;58.6;48.1;45.8;48.7;0.0;0.0;     ;J2145M76;1;659.7;809.7
326.8484167;-81.53572220000001;21 47 23.62;1.5;-81 32 08.60;1.7;3636.0;109.1;5092.0;178.3;64.0;45.0;159.1;44.9;0.0;158.5;J2100M80;2;138.3;142.1
328.4116667;-46.638361100000004;21 53 38.80;1.5;-46 38 18.10;1.7;1280.0;38.4;1280.0;38.4;60.6;45.0;1.2;0.0;0.0;     ;J2200M48;1;1061.9;852.4
328.5303333;-51.8383611;21 54 07.28;1.5;-51 50 18.10;1.7;5083.0;152.5;5260.0;157.8;57.1;49.9;149.8;0.0;0.0;     ;J2200M52;1;1002.2;595.3
329.26975;-69.69555559999999;21 57 04.74;1.5;-69 41 44.00;1.7;19750.0;592.5;24162.0;1105.9;53.8;49.8;24.0;25.6;18.5; 49.6;J2136M68;2;107.4;115.9
329.2906667;-69.67875;21 57 09.76;1.5;-69 40 43.50;1.7;10030.0;300.9;14444.0;607.3;56.6;55.6;95.3;34.3;27.2; 91.3;J2136M68;2;104.5;120.8
329.41704169999997;-66.2007778;21 57 40.09;1.5;-66 12 02.80;1.7;1197.0;35.9;1216.0;36.5;49.2;45.1;12.2;0.0;0.0;     ;J2212M68;1;1177.9;1187.2
329.4483333;-69.6982222;21 57 47.60;1.5;-69 41 53.60;1.7;4457.0;133.7;5457.0;208.4;56.2;47.7;20.7;29.4;0.0; 30.1;J2136M68;2;87.3;113.5
330.30870830000003;-37.7805;22 01 14.09;1.5;-37 46 49.80;1.7;1655.0;49.7;1927.0;57.9;76.6;58.5;55.6;0.0;0.0;     ;J2154M36;1;237.2;70.0
330.484875;-33.350055600000005;22 01 56.37;1.5;-33 21 00.20;1.7;1954.0;58.7;2111.0;63.4;84.9;69.6;27.9;0.0;0.0;     ;J2154M32;2;162.5;137.2
330.52383330000004;-51.0996667;22 02 05.72;1.5;-51 05 58.80;1.7;1203.0;36.1;1227.0;36.8;58.2;45.1;175.3;0.0;0.0;     ;J2200M52;1;597.3;787.9
331.2700417;-55.295222200000005;22 05 04.81;1.5;-55 17 42.80;1.7;2666.0;80.0;2714.0;81.4;54.3;47.1;113.3;0.0;0.0;     ;J2200M56;1;468.4;774.4
331.93179169999996;-53.7763611;22 07 43.63;1.5;-53 46 34.90;1.7;1576.0;47.3;1799.0;54.0;57.1;54.7;122.3;0.0;0.0;     ;J2200M52;1;331.5;94.0
332.1965;-63.4299167;22 08 47.16;1.5;-63 25 47.70;1.7;1390.0;41.7;1410.0;42.3;50.1;47.6;40.4;0.0;0.0;     ;J2200M64;1;383.5;796.7
332.5904583;-45.711833299999995;22 10 21.71;1.5;-45 42 42.60;1.7;1986.0;59.6;2066.0;62.0;66.7;46.0;10.1;0.0;0.0;     ;J2220M44;2;1255.5;95.3
332.7711667;-43.5526111;22 11 05.08;1.5;-43 33 09.40;1.7;1209.0;36.3;1258.0;37.8;64.8;53.0;128.8;0.0;0.0;     ;J2200M44;2;48.0;584.0
333.2816667;-40.1995833;22 13 07.60;1.5;-40 11 58.50;1.7;1316.0;39.5;1316.0;39.5;70.0;45.0;1.1;0.0;0.0;     ;J2220M40;1;1134.5;409.4
333.660375;-38.595611100000006;22 14 38.49;1.5;-38 35 44.20;1.7;2414.0;72.5;2506.0;75.2;70.0;47.7;75.5;0.0;0.0;     ;J2220M40;1;1047.6;747.8
334.2302917;-45.362305600000006;22 16 55.27;1.5;-45 21 44.30;1.7;2700.0;81.0;2726.0;81.8;64.8;48.3;62.3;0.0;0.0;     ;J2220M44;1;882.0;179.7
334.5465417;-30.4000833;22 18 11.17;1.5;-30 24 00.30;1.7;1169.0;35.2;1296.0;39.0;84.9;55.9;57.2;0.0;0.0;     ;J2212M32;1;268.5;649.8
334.57925;-50.64475;22 18 19.02;1.5;-50 38 41.10;1.7;1435.0;43.1;1464.0;43.9;57.1;49.9;149.5;0.0;0.0;     ;J2224M52;1;999.8;903.2
335.8660833;-50.2872778;22 23 27.86;1.5;-50 17 14.20;1.7;1349.0;40.5;1554.0;46.7;57.1;54.0;51.4;0.0;0.0;     ;J2224M52;1;733.0;997.6
336.737625;-62.631;22 26 57.03;1.5;-62 37 51.60;1.7;1137.0;34.2;1263.0;37.9;50.4;49.8;117.5;0.0;0.0;     ;J2230M64;1;819.7;1036.0
336.76075;-52.5568889;22 27 02.58;1.5;-52 33 24.80;1.7;3933.0;118.0;4252.0;127.6;57.1;51.6;140.4;0.0;0.0;     ;J2224M52;1;553.6;411.8
337.3270833;-40.8588333;22 29 18.50;1.5;-40 51 31.80;1.7;4170.0;125.1;4320.0;129.6;70.0;52.6;22.5;0.0;0.0;     ;J2240M40;2;1366.4;267.0
337.4447917;-38.3997222;22 29 46.75;1.5;-38 23 59.00;1.7;3376.0;101.3;3665.0;110.0;70.0;54.1;57.6;0.0;0.0;     ;J2240M40;2;1360.1;784.6
337.7809167;-66.31391670000001;22 31 07.42;1.5;-66 18 50.10;1.7;1120.0;33.6;1120.0;33.6;48.6;45.0;93.9;0.0;0.0;     ;J2248M68;2;1259.2;1148.0
338.8047917;-48.599611100000004;22 35 13.15;1.5;-48 35 58.60;1.7;1165.0;35.0;1216.0;36.5;60.6;54.1;42.9;0.0;0.0;     ;J2240M48;1;963.7;376.7
341.6410833;-30.746111100000004;22 46 33.86;1.5;-30 44 46.00;1.7;1735.0;52.1;1836.0;55.1;84.9;52.4;58.8;0.0;0.0;     ;J2248M32;1;806.0;591.4
341.7659167;-36.9631667;22 47 03.82;1.5;-36 57 47.40;1.7;1636.0;49.1;1705.0;51.2;76.6;59.7;140.0;0.0;0.0;     ;J2248M36;1;766.2;229.7
343.2635833;-40.9629722;22 53 03.26;1.5;-40 57 46.70;1.7;6891.0;206.7;7302.0;219.1;70.0;54.7;131.0;0.0;0.0;     ;J2300M40;1;1134.1;248.7
343.75;-39.217722200000004;22 55 00.00;1.5;-39 13 03.80;1.7;1801.0;54.1;1885.0;56.6;70.5;47.1;101.4;0.0;0.0;     ;J2300M40;1;1022.0;617.1
343.9581667;-52.7619167;22 55 49.96;1.5;-52 45 42.90;1.7;3987.0;119.6;3988.0;119.7;57.1;45.3;99.1;0.0;0.0;     ;J2248M52;1;317.3;355.4
344.1730417;-46.2922222;22 56 41.53;1.5;-46 17 32.00;1.7;1398.0;42.0;1683.0;50.5;60.6;57.5;126.5;0.0;0.0;     ;J2300M48;1;892.0;938.5
344.198125;-51.978666700000005;22 56 47.55;1.5;-51 58 43.20;1.7;3946.0;118.4;3947.0;118.4;57.1;45.0;88.3;0.0;0.0;     ;J2248M52;1;262.0;556.2
344.63241669999996;-70.2445278;22 58 31.78;1.5;-70 14 40.30;1.7;1540.0;46.2;1545.0;46.4;47.3;45.7;125.3;0.0;0.0;     ;J2315M72;1;1160.1;1201.5
345.5998333;-37.30175;23 02 23.96;1.5;-37 18 06.30;1.7;4242.0;127.3;4243.0;127.3;76.6;57.2;140.3;0.0;0.0;     ;J2306M36;1;939.3;164.0
345.9479167;-42.2495;23 03 47.50;1.5;-42 14 58.20;1.7;1127.0;33.8;1201.0;36.1;64.8;55.7;144.9;0.0;0.0;     ;J2300M44;1;475.4;887.0
346.23175;-34.52475;23 04 55.62;1.5;-34 31 29.10;1.7;1766.0;53.0;1861.0;55.9;76.6;57.9;135.3;0.0;0.0;     ;J2306M36;1;777.3;698.7
346.9692917;-41.5460556;23 07 52.63;1.5;-41 32 45.80;1.7;2234.0;67.0;2344.0;70.3;70.0;47.5;79.8;0.0;0.0;     ;J2300M40;1;222.7;125.4
347.78825;-56.4131111;23 11 09.18;1.5;-56 24 47.20;1.7;1935.0;58.1;1936.0;58.1;54.3;45.0;90.2;0.0;0.0;     ;J2312M56;1;743.3;472.9
348.2315;-41.4491667;23 12 55.56;1.5;-41 26 57.00;1.7;2142.0;64.3;2200.0;66.0;70.0;48.6;115.1;0.0;0.0;     ;J2320M40;1;1138.8;146.4
348.3621667;-53.72472220000001;23 13 26.92;1.5;-53 43 29.00;1.7;2305.0;69.2;2313.0;69.4;57.1;45.4;7.0;0.0;0.0;     ;J2312M52;1;634.9;111.1
348.5389583;-44.930361100000006;23 14 09.35;1.5;-44 55 49.30;1.7;2862.0;85.9;2863.0;85.9;64.8;50.6;130.3;0.0;0.0;     ;J2320M44;1;1043.5;276.4
349.0875;-43.6296667;23 16 21.00;1.5;-43 37 46.80;1.7;1358.0;40.8;1384.0;41.6;64.8;49.4;121.9;0.0;0.0;     ;J2320M44;1;921.2;573.4
349.11225;-47.490416700000004;23 16 26.94;1.5;-47 29 25.50;1.7;1489.0;44.7;1519.0;45.6;60.6;46.0;94.9;0.0;0.0;     ;J2320M48;1;901.3;647.1
349.5389583;-40.5347778;23 18 09.35;1.5;-40 32 05.20;1.7;1207.0;36.3;1329.0;39.9;70.0;55.5;54.2;0.0;0.0;     ;J2320M40;1;819.7;341.3
349.9725833;-36.9410278;23 19 53.42;1.5;-36 56 27.70;1.7;1478.0;44.4;1660.0;49.9;76.6;60.0;132.3;0.0;0.0;     ;J2324M36;1;973.7;233.2
350.5287083;-54.7583333;23 22 06.89;1.5;-54 45 30.00;1.7;2406.0;72.2;2599.0;78.0;54.7;48.4;102.0;0.0;0.0;     ;J2312M56;2;227.6;914.6
351.26466669999996;-40.8578889;23 25 03.52;1.5;-40 51 28.40;1.7;2217.0;66.6;2217.0;66.6;70.0;47.7;10.4;0.0;0.0;     ;J2320M40;1;392.0;272.1
351.2939583;-56.9416111;23 25 10.55;1.5;-56 56 29.80;1.7;2065.0;62.0;2077.0;62.3;54.3;48.5;47.5;0.0;0.0;     ;J2312M56;2;117.3;317.9
351.6429167;-40.454305600000005;23 26 34.30;1.5;-40 27 15.50;1.7;4888.0;146.7;5243.0;157.3;70.0;54.7;126.9;0.0;0.0;     ;J2320M40;1;295.9;356.0
351.66704169999997;-68.6760833;23 26 40.09;1.5;-68 40 33.90;1.7;1139.0;34.2;1162.0;34.9;48.5;46.2;72.5;0.0;0.0;     ;J2324M68;1;625.6;448.5
352.3239167;-47.5053333;23 29 17.74;1.5;-47 30 19.20;1.7;3049.0;91.5;3049.0;91.5;60.6;47.0;167.2;0.0;0.0;     ;J2340M48;2;1296.4;636.7
352.6572917;-45.6661111;23 30 37.75;1.5;-45 39 58.00;1.7;1414.0;42.5;1476.0;44.3;64.8;47.2;80.6;0.0;0.0;     ;J2320M44;2;97.5;104.5
353.4305833;-30.9654722;23 33 43.34;1.5;-30 57 55.70;1.7;1556.0;46.7;1556.0;46.7;84.9;57.2;162.2;0.0;0.0;     ;J2324M32;2;23.1;549.3
353.608875;-41.4238333;23 34 26.13;1.5;-41 25 25.80;1.7;7920.0;237.6;8734.0;262.0;70.0;49.8;85.6;0.0;0.0;     ;J2340M40;1;1046.3;152.8
353.6867917;-52.8545833;23 34 44.83;1.5;-52 51 16.50;1.7;1213.0;36.4;1460.0;55.4;65.4;47.6;169.0;33.4;0.0;154.8;J2336M52;1;766.9;335.5
353.7950417;-66.6164722;23 35 10.81;1.5;-66 36 59.30;1.7;1622.0;48.7;2341.0;82.4;66.7;47.4;124.9;48.2;0.0;121.1;J2324M68;1;342.1;1066.2
353.7985;-66.6203056;23 35 11.64;1.5;-66 37 13.10;1.7;1291.0;38.8;1291.0;38.8;48.5;46.3;143.3;0.0;0.0;     ;J2324M68;1;341.7;1065.0
354.0504583;-52.6061667;23 36 12.11;1.5;-52 36 22.20;1.7;2086.0;62.6;2164.0;64.9;58.3;45.8;176.6;0.0;0.0;     ;J2336M52;1;695.0;399.7
354.20104169999996;-34.7345833;23 36 48.25;1.5;-34 44 04.50;1.7;1144.0;34.4;1649.0;49.6;76.6;65.3;82.0;0.0;0.0;     ;J2342M36;1;1054.3;657.0
354.97720830000003;-33.1710556;23 39 54.53;1.5;-33 10 15.80;1.7;1674.0;50.3;1696.0;50.9;84.9;60.6;141.2;0.0;0.0;     ;J2342M32;1;848.2;170.7
355.3262083;-58.2696667;23 41 18.29;1.5;-58 16 10.80;1.7;4559.0;136.8;4560.0;136.8;52.0;45.0;177.6;0.0;0.0;     ;J2330M60;1;218.8;1092.4
355.4409167;-35.1059167;23 41 45.82;1.5;-35 06 21.30;1.7;3200.0;96.0;3401.0;102.1;76.6;54.9;127.3;0.0;0.0;     ;J2342M36;1;720.8;587.0
358.87008330000003;-45.223916700000004;23 55 28.82;1.5;-45 13 26.10;1.7;1516.0;45.5;1537.0;46.2;64.8;56.1;144.9;0.0;0.0;     ;J0000M44;1;965.4;210.5
359.00233330000003;-68.33438890000001;23 56 00.56;1.5;-68 20 03.80;1.7;1128.0;33.9;1145.0;34.4;48.5;45.7;81.6;0.0;0.0;     ;J0000M68;1;825.5;551.6
359.25345830000003;-34.7596111;23 57 00.83;1.5;-34 45 34.60;1.7;1924.0;57.8;3018.0;90.6;79.2;75.4;133.6;0.0;0.0;     ;J0000M36;1;905.7;653.1
359.47141669999996;-53.1876667;23 57 53.14;1.5;-53 11 15.60;1.7;1385.0;41.6;1385.0;41.6;57.1;46.7;164.1;0.0;0.0;     ;J0000M52;1;808.7;249.4
359.6892917;-60.8816111;23 58 45.43;1.5;-60 52 53.80;1.7;9141.0;274.2;11469.0;440.1;59.0;50.2;127.0;36.0;0.0;112.3;J0000M60;1;754.5;361.0
359.7314583;-60.90777779999999;23 58 55.55;1.5;-60 54 28.00;1.7;2449.0;73.5;9498.0;303.6;100.7;90.4;111.6;89.7;74.4;106.3;J0000M60;1;747.7;353.7
359.7915417;-60.930138899999996;23 59 09.97;1.5;-60 55 48.50;1.7;4023.0;120.7;12376.0;408.5;98.1;74.1;139.2;85.1;56.1;134.5;J0000M60;1;738.1;347.3
359.8408333;-60.9544444;23 59 21.80;1.5;-60 57 16.00;1.7;3940.0;118.2;4823.0;187.7;57.7;50.1;136.6;32.7;0.0;116.1;J0000M60;1;730.3;340.5
